id,sequence
P53396,MSAKAISEQTGKELLYKFICTTSAIQNRFKYARVTPDTDWARLLQDHPWLLSQNLVVKPDQLIKRRGKLGLVGVNLTLDGVKSWLKPRLGQEATVGKATGFLKNFLIEPFVPHSQAEEFYVCIYATREGDYVLFHHEGGVDVGDVDAKAQKLLVGVDEKLNPEDIKKHLLVHAPEDKKEILASFISGLFNFYEDLYFTYLEINPLVVTKDGVYVLDLAAKVDATADYICKVKWGDIEFPPPFGREAYPEEAYIADLDAKSGASLKLTLLNPKGRIWTMVAGGGASVVYSDTICDLGGVNELANYGEYSGAPSEQQTYDYAKTILSLMTREKHPDGKILIIGGSIANFTNVAATFKGIVRAIRDYQGPLKEHEVTIFVRRGGPNYQEGLRVMGEVGKTTGIPIHVFGTETHMTAIVGMALGHRPIPNQPPTAAHTANFLLNASGSTSTPAPSRTASFSESRADEVAPAKKAKPAMPQDSVPSPRSLQGKSTTLFSRHTKAIVWGMQTRAVQGMLDFDYVCSRDEPSVAAMVYPFTGDHKQKFYWGHKEILIPVFKNMADAMRKHPEVDVLINFASLRSAYDSTMETMNYAQIRTIAIIAEGIPEALTRKLIKKADQKGVTIIGPATVGGIKPGCFKIGNTGGMLDNILASKLYRPGSVAYVSRSGGMSNELNNIISRTTDGVYEGVAIGGDRYPGSTFMDHVLRYQDTPGVKMIVVLGEIGGTEEYKICRGIKEGRLTKPIVCWCIGTCATMFSSEVQFGHAGACANQASETAVAKNQALKEAGVFVPRSFDELGEIIQSVYEDLVANGVIVPAQEVPPPTVPMDYSWARELGLIRKPASFMTSICDERGQELIYAGMPITEVFKEEMGIGGVLGLLWFQKRLPKYSCQFIEMCLMVTADHGPAVSGAHNTIICARAGKDLVSSLTSGLLTIGDRFGGALDAAAKMFSKAFDSGIIPMEFVNKMKKEGKLIMGIGHRVKSINNPDMRVQILKDYVRQHFPATPLLDYALEVEKITTSKKPNLILNVDGLIGVAFVDMLRNCGSFTREEADEYIDIGALNGIFVLGRSMGFIGHYLDQKRLKQGLYRHPWDDISYVLPEHMSM
P78563,MDIEDEENMSSSSTDVKENRNLDNVSPKDGSTPGPGEGSQLSNGGGGGPGRKRPLEEGSNGHSKYRLKKRRKTPGPVLPKNALMQLNEIKPGLQYTLLSQTGPVHAPLFVMSVEVNGQVFEGSGPTKKKAKLHAAEKALRSFVQFPNASEAHLAMGRTLSVNTDFTSDQADFPDTLFNGFETPDKAEPPFYVGSNGDDSFSSSGDLSLSASPVPASLAQPPLPVLPPFPPPSGKNPVMILNELRPGLKYDFLSESGESHAKSFVMSVVVDGQFFEGSGRNKKLAKARAAQSALAAIFNLHLDQTPSRQPIPSEGLQLHLPQVLADAVSRLVLGKFGDLTDNFSSPHARRKVLAGVVMTTGTDVKDAKVISVSTGTKCINGEYMSDRGLALNDCHAEIISRRSLLRFLYTQLELYLNNKDDQKRSIFQKSERGGFRLKENVQFHLYISTSPCGDARIFSPHEPILEGSRSYTQAGVQWCNHGSLQPRPPGLLSDPSTSTFQGAGTTEPADRHPNRKARGQLRTKIESGEGTIPVRSNASIQTWDGVLQGERLLTMSCSDKIARWNVVGIQGSLLSIFVEPIYFSSIILGSLYHGDHLSRAMYQRISNIEDLPPLYTLNKPLLSGISNAEARQPGKAPNFSVNWTVGDSAIEVINATTGKDELGRASRLCKHALYCRWMRVHGKVPSHLLRSKITKPNVYHESKLAAKEYQAAKARLFTAFIKAGLGAWVEKPTEQDQFSLTP
P62745,MAAIRKKLVVVGDGACGKTCLLIVFSKDEFPEVYVPTVFENYVADIEVDGKQVELALWDTAGQEDYDRLRPLSYPDTDVILMCFSVDSPDSLENIPEKWVPEVKHFCPNVPIILVANKKDLRSDEHVRTELARMKQEPVRTDDGRAMAVRIQAYDYLECSAKTKEGVREVFETATRAALQKRYGSQNGCINCCKVL
Q07817,MSQSNRELVVDFLSYKLSQKGYSWSQFSDVEENRTEAPEGTESEMETPSAINGNPSWHLADSPAVNGATGHSSSLDAREVIPMAAVKQALREAGDEFELRYRRAFSDLTSQLHITPGTAYQSFEQVVNELFRDGVNWGRIVAFFSFGGALCVESVDKEMQVLVSRIAAWMATYLNDHLEPWIQENGGWDTFVELYGNNAAAESRKGQERFNRWFLTGMTVAGVVLLGSLFSRK
Q92843,MATPASAPDTRALVADFVGYKLRQKGYVCGAGPGEGPAADPLHQAMRAAGDEFETRFRRTFSDLAAQLHVTPGSAQQRFTQVSDELFQGGPNWGRLVAFFVFGAALCAESVNKEMEPLVGQVQEWMVAYLETQLADWIHSSGGWAEFTALYGDGALEEARRLREGNWASVRTVLTGAVALGALVTVGAFFASK
O60238,MSSHLVEPPPPLHNNNNNCEENEQSLPPPAGLNSSWVELPMNSSNGNDNGNGKNGGLEHVPSSSSIHNGDMEKILLDAQHESGQSSSRGSSHCDSPSPQEDGQIMFDVEMHTSRDHSSQSEEEVVEGEKEVEALKKSADWVSDWSSRPENIPPKEFHFRHPKRSVSLSMRKSGAMKKGGIFSAEFLKVFIPSLFLSHVLALGLGIYIGKRLSTPSASTY
P15056,MAALSGGGGGGAEPGQALFNGDMEPEAGAGAGAAASSAADPAIPEEVWNIKQMIKLTQEHIEALLDKFGGEHNPPSIYLEAYEEYTSKLDALQQREQQLLESLGNGTDFSVSSSASMDTVTSSSSSSLSVLPSSLSVFQNPTDVARSNPKSPQKPIVRVFLPNKQRTVVPARCGVTVRDSLKKALMMRGLIPECCAVYRIQDGEKKPIGWDTDISWLTGEELHVEVLENVPLTTHNFVRKTFFTLAFCDFCRKLLFQGFRCQTCGYKFHQRCSTEVPLMCVNYDQLDLLFVSKFFEHHPIPQEEASLAETALTSGSSPSAPASDSIGPQILTSPSPSKSIPIPQPFRPADEDHRNQFGQRDRSSSAPNVHINTIEPVNIDDLIRDQGFRGDGGSTTGLSATPPASLPGSLTNVKALQKSPGPQRERKSSSSSEDRNRMKTLGRRDSSDDWEIPDGQITVGQRIGSGSFGTVYKGKWHGDVAVKMLNVTAPTPQQLQAFKNEVGVLRKTRHVNILLFMGYSTKPQLAIVTQWCEGSSLYHHLHIIETKFEMIKLIDIARQTAQGMDYLHAKSIIHRDLKSNNIFLHEDLTVKIGDFGLATVKSRWSGSHQFEQLSGSILWMAPEVIRMQDKNPYSFQSDVYAFGIVLYELMTGQLPYSNINNRDQIIFMVGRGYLSPDLSKVRSNCPKAMKRLMAECLKKKRDERPLFPQILASIELLARSLPKIHRSASEPSLNRAGFQTEDFSLYACASPKTPIQAGGYGAFPVH
Q00534,MEKDGLCRADQQYECVAEIGEGAYGKVFKARDLKNGGRFVALKRVRVQTGEEGMPLSTIREVAVLRHLETFEHPNVVRLFDVCTVSRTDRETKLTLVFEHVDQDLTTYLDKVPEPGVPTETIKDMMFQLLRGLDFLHSHRVVHRDLKPQNILVTSSGQIKLADFGLARIYSFQMALTSVVVTLWYRAPEVLLQSSYATPVDLWSVGCIFAEMFRRKPLFRGSSDVDQLGKILDVIGLPGEEDWPRDVALPRQAFHSKSAQPIEKFVTDIDELGKDLLLKCLTFNPAKRISAYSALSHPYFQDLERCKENLDSHLPPSQNTSELNTA
Q16690,MKVTSLDGRQLRKMLRKEAAARCVVLDCRPYLAFAASNVRGSLNVNLNSVVLRRARGGAVSARYVLPDEAARARLLQEGGGGVAAVVVLDQGSRHWQKLREESAARVVLTSLLACLPAGPRVYFLKGGYETFYSEYPECCVDVKPISQEKIESERALISQCGKPVVNVSYRPAYDQGGPVEILPFLYLGSAYHASKCEFLANLHITALLNVSRRTSEACATHLHYKWIPVEDSHTADISSHFQEAIDFIDCVREKGGKVLVHCEAGISRSPTICMAYLMKTKQFRLKEAFDYIKQRRSMVSPNFGFMGQLLQYESEILPSTPNPQPPSCQGEAAGSSLIGHLQTLSPDMQGAYCTFPASVLAPVPTHSTVSELSRSPVATATSC
Q16828,MIDTLRPVPFASEMAISKTVAWLNEQLELGNERLLLMDCRPQELYESSHIESAINVAIPGIMLRRLQKGNLPVRALFTRGEDRDRFTRRCGTDTVVLYDESSSDWNENTGGESVLGLLLKKLKDEGCRAFYLEGGFSKFQAEFSLHCETNLDGSCSSSSPPLPVLGLGGLRISSDSSSDIESDLDRDPNSATDSDGSPLSNSQPSFPVEILPFLYLGCAKDSTNLDVLEEFGIKYILNVTPNLPNLFENAGEFKYKQIPISDHWSQNLSQFFPEAISFIDEARGKNCGVLVHCLAGISRSVTVTVAYLMQKLNLSMNDAYDIVKMKKSNISPNFNFMGQLLDFERTLGLSSPCDNRVPAQQLYFTTPSNQNVYQVDSLQST
O00716,MRKGIQPALEQYLVTAGGGEGAAVVAAAAAASMDKRALLASPGFAAAAAAAAAPGAYIQILTTNTSTTSCSSSLQSGAVAAGPLLPSAPGAEQTAGSLLYTTPHGPSSRAGLLQQPPALGRGGSGGGGGPPAKRRLELGESGHQYLSDGLKTPKGKGRAALRSPDSPKTPKSPSEKTRYDTSLGLLTKKFIQLLSQSPDGVLDLNKAAEVLKVQKRRIYDITNVLEGIHLIKKKSKNNVQWMGCSLSEDGGMLAQCQGLSKEVTELSQEEKKLDELIQSCTLDLKLLTEDSENQRLAYVTYQDIRKISGLKDQTVIVVKAPPETRLEVPDSIESLQIHLASTQGPIEVYLCPEETETHSPMKTNNQDHNGNIPKPASKDLASTNSGHSDCSVSMGNLSPLASPANLLQQTEDQIPSNLEGPFVNLLPPLLQEDYLLSLGEEEGISDLFDAYDLEKLPLVEDFMCS
P00533,MRPSGTAGAALLALLAALCPASRALEEKKVCQGTSNKLTQLGTFEDHFLSLQRMFNNCEVVLGNLEITYVQRNYDLSFLKTIQEVAGYVLIALNTVERIPLENLQIIRGNMYYENSYALAVLSNYDANKTGLKELPMRNLQEILHGAVRFSNNPALCNVESIQWRDIVSSDFLSNMSMDFQNHLGSCQKCDPSCPNGSCWGAGEENCQKLTKIICAQQCSGRCRGKSPSDCCHNQCAAGCTGPRESDCLVCRKFRDEATCKDTCPPLMLYNPTTYQMDVNPEGKYSFGATCVKKCPRNYVVTDHGSCVRACGADSYEMEEDGVRKCKKCEGPCRKVCNGIGIGEFKDSLSINATNIKHFKNCTSISGDLHILPVAFRGDSFTHTPPLDPQELDILKTVKEITGFLLIQAWPENRTDLHAFENLEIIRGRTKQHGQFSLAVVSLNITSLGLRSLKEISDGDVIISGNKNLCYANTINWKKLFGTSGQKTKIISNRGENSCKATGQVCHALCSPEGCWGPEPRDCVSCRNVSRGRECVDKCNLLEGEPREFVENSECIQCHPECLPQAMNITCTGRGPDNCIQCAHYIDGPHCVKTCPAGVMGENNTLVWKYADAGHVCHLCHPNCTYGCTGPGLEGCPTNGPKIPSIATGMVGALLLLLVVALGIGLFMRRRHIVRKRTLRRLLQERELVEPLTPSGEAPNQALLRILKETEFKKIKVLGSGAFGTVYKGLWIPEGEKVKIPVAIKELREATSPKANKEILDEAYVMASVDNPHVCRLLGICLTSTVQLITQLMPFGCLLDYVREHKDNIGSQYLLNWCVQIAKGMNYLEDRRLVHRDLAARNVLVKTPQHVKITDFGLAKLLGAEEKEYHAEGGKVPIKWMALESILHRIYTHQSDVWSYGVTVWELMTFGSKPYDGIPASEISSILEKGERLPQPPICTIDVYMIMVKCWMIDADSRPKFRELIIEFSKMARDPQRYLVIQGDERMHLPSPTDSNFYRALMDEEDMDDVVDADEYLIPQQGFFSSPSTSRTPLLSSLSATSNNSTVACIDRNGLQSCPIKEDSFLQRYSSDPTGALTEDSIDDTFLPVPEYINQSVPKRPAGSVQNPVYHNQPLNPAPSRDPHYQDPHSTAVGNPEYLNTVQPTCVNSTFDSPAHWAQKGSHQISLDNPDYQQDFFPKEAKPNGIFKGSTAENAEYLRVAPQSSEFIGA
Q15717,MSNGYEDHMAEDCRGDIGRTNLIVNYLPQNMTQDELRSLFSSIGEVESAKLIRDKVAGHSLGYGFVNYVTAKDAERAINTLNGLRLQSKTIKVSYARPSSEVIKDANLYISGLPRTMTQKDVEDMFSRFGRIINSRVLVDQTTGLSRGVAFIRFDKRSEAEEAITSFNGHKPPGSSEPITVKFAANPNQNKNVALLSQLYHSPARRFGGPVHHQAQRFRFSPMGVDHMSGLSGVNVPGNASSGWCIFIYNLGQDADEGILWQMFGPFGAVTNVKVIRDFNTNKCKGFGFVTMTNYEEAAMAIASLNGYRLGDKILQVSFKTNKSHK
Q92731,MDIKNSPSSLNSPSSYNCSQSILPLEHGSIYIPSSYVDSHHEYPAMTFYSPAVMNYSIPSNVTNLEGGPGRQTTSPNVLWPTPGHLSPLVVHRQLSHLYAEPQKSPWCEARSLEHTLPVNRETLKRKVSGNRCASPVTGPGSKRDAHFCAVCSDYASGYHYGVWSCEGCKAFFKRSIQGHNDYICPATNQCTIDKNRRKSCQACRLRKCYEVGMVKCGSRRERCGYRLVRRQRSADEQLHCAGKAKRSGGHAPRVRELLLDALSPEQLVLTLLEAEPPHVLISRPSAPFTEASMMMSLTKLADKELVHMISWAKKIPGFVELSLFDQVRLLESCWMEVLMMGLMWRSIDHPGKLIFAPDLVLDRDEGKCVEGILEIFDMLLATTSRFRELKLQHKEYLCVKAMILLNSSMYPLVTATQDADSSRKLAHLLNAVTDALVWVIAKSGISSQQQSMRLANLLMLLSHVRHASNKGMEHLLNMKCKNVVPVYDLLLEMLNAHVLRGCKSSITGSECSPAEDSKSKEGSQNPQSQ
Q01844,MASTDYSTYSQAAAQQGYSAYTAQPTQGYAQTTQAYGQQSYGTYGQPTDVSYTQAQTTATYGQTAYATSYGQPPTGYTTPTAPQAYSQPVQGYGTGAYDTTTATVTTTQASYAAQSAYGTQPAYPAYGQQPAATAPTRPQDGNKPTETSQPQSSTGGYNQPSLGYGQSNYSYPQVPGSYPMQPVTAPPSYPPTSYSSTQPTSYDQSSYSQQNTYGQPSSYGQQSSYGQQSSYGQQPPTSYPPQTGSYSQAPSQYSQQSSSYGQQSSFRQDHPSSMGVYGQESGGFSGPGENRSMSGPDNRGRGRGGFDRGGMSRGGRGGGRGGMGSAGERGGFNKPGGPMDEGPDLDLGPPVDPDEDSDNSAIYVQGLNDSVTLDDLADFFKQCGVVKMNKRTGQPMIHIYLDKETGKPKGDATVSYEDPPTAKAAVEWFDGKDFQGSKLKVSLARKKPPMNSMRGGLPPREGRGMPPPLRGGPGGPGGPGGPMGRMGGRGGDRGGFPPRGPRGSRGNPSGGGNVQHRAGDWQCPNPGCGNQNFAWRTECNQCKAPKPEGFLPPPFPPPGGDRGRGGPGGMRGGRGGLMDRGGPGGMFRGGRGGDRGGFRGGRGMDRGGFGGGRRGGPGGPPGPLMEQMGGRRGGRGGPGKMDKGEHRQERRDRPY
Q06787,MEELVVEVRGSNGAFYKAFVKDVHEDSITVAFENNWQPDRQIPFHDVRFPPPVGYNKDINESDEVEVYSRANEKEPCCWWLAKVRMIKGEFYVIEYAACDATYNEIVTIERLRSVNPNKPATKDTFHKIKLDVPEDLRQMCAKEAAHKDFKKAVGAFSVTYDPENYQLVILSINEVTSKRAHMLIDMHFRSLRTKLSLIMRNEEASKQLESSRQLASRFHEQFIVREDLMGLAIGTHGANIQQARKVPGVTAIDLDEDTCTFHIYGEDQDAVKKARSFLEFAEDVIQVPRNLVGKVIGKNGKLIQEIVDKSGVVRVRIEAENEKNVPQEEEIMPPNSLPSNNSRVGPNAPEEKKHLDIKENSTHFSQPNSTKVQRVLVASSVVAGESQKPELKAWQGMVPFVFVGTKDSIANATVLLDYHLNYLKEVDQLRLERLQIDEQLRQIGASSRPPPNRTDKEKSYVTDDGQGMGRGSRPYRNRGHGRRGPGYTSGTNSEASNASETESDHRDELSDWSLAPTEEERESFLRRGDGRRRGGGGRGQGGRGRGGGFKGNDDHSRTDNRPRNPREAKGRTTDGSLQIRVDCNNERSVHTKTLQNTSSEGSRLRTGKDRNQKKEKPDSVDGQQPLVNGVP
P35637,MASNDYTQQATQSYGAYPTQPGQGYSQQSSQPYGQQSYSGYSQSTDTSGYGQSSYSSYGQSQNTGYGTQSTPQGYGSTGGYGSSQSSQSSYGQQSSYPGYGQQPAPSSTSGSYGSSSQSSSYGQPQSGSYSQQPSYGGQQQSYGQQQSYNPPQGYGQQNQYNSSSGGGGGGGGGGNYGQDQSSMSSGGGSGGGYGNQDQSGGGGSGGYGQQDRGGRGRGGSGGGGGGGGGGYNRSSGGYEPRGRGGGRGGRGGMGGSDRGGFNKFGGPRDQGSRHDSEQDNSDNNTIFVQGLGENVTIESVADYFKQIGIIKTNKKTGQPMINLYTDRETGKLKGEATVSFDDPPSAKAAIDWFDGKEFSGNPIKVSFATRRADFNRGGGNGRGGRGRGGPMGRGGYGGGGSGGGGRGGFPSGGGGGGGQQRAGDWKCPNPTCENMNFSWRNECNQCKAPKPDGPGGGPGGSHMGGNYGDDRRGGRGGYDRGGYRGRGGDRGGFRGGRGGGDRGGFGPGKMDSRGEHRQDRRERPY
P17302,MGDWSALGKLLDKVQAYSTAGGKVWLSVLFIFRILLLGTAVESAWGDEQSAFRCNTQQPGCENVCYDKSFPISHVRFWVLQIIFVSVPTLLYLAHVFYVMRKEEKLNKKEEELKVAQTDGVNVDMHLKQIEIKKFKYGIEEHGKVKMRGGLLRTYIISILFKSIFEVAFLLIQWYIYGFSLSAVYTCKRDPCPHQVDCFLSRPTEKTIFIIFMLVVSLVSLALNIIELFYVFFKGVKDRVKGKSDPYHATSGALSPAKDCGSQKYAYFNGCSSPTAPLSPMSPPGYKLVTGDRNNSSCRNYNKQASEQNWANYSAEQNRMGQAGSTISNSHAQPFDFPDDNQNSKKLAAGHELQPLAIVDQRPSSRASSRASSRPRPDDLEI
P49841,MSGRPRTTSFAESCKPVQQPSAFGSMKVSRDKDGSKVTTVVATPGQGPDRPQEVSYTDTKVIGNGSFGVVYQAKLCDSGELVAIKKVLQDKRFKNRELQIMRKLDHCNIVRLRYFFYSSGEKKDEVYLNLVLDYVPETVYRVARHYSRAKQTLPVIYVKLYMYQLFRSLAYIHSFGICHRDIKPQNLLLDPDTAVLKLCDFGSAKQLVRGEPNVSYICSRYYRAPELIFGATDYTSSIDVWSAGCVLAELLLGQPIFPGDSGVDQLVEIIKVLGTPTREQIREMNPNYTEFKFPQIKAHPWTKVFRPRTPPEAIALCSRLLEYTPTARLTPLEACAHSFFDELRDPNVKLPNGRDTPALFNFTTQELSSNPPLATILIPPHARIQAAASTPTNATAASDANTGDRGQTNNAASASASNST
P16104,MSGRGKTGGKARAKAKSRSSRAGLQFPVGRVHRLLRKGHYAERVGAGAPVYLAAVLEYLTAEILELAGNAARDNKKTRIIPRHLQLAIRNDEELNKLLGGVTIAQGGVLPNIQAVLLPKKTSATVGPKAPSGGKKATQASQEY
P17693,MVVMAPRTLFLLLSGALTLTETWAGSHSMRYFSAAVSRPGRGEPRFIAMGYVDDTQFVRFDSDSACPRMEPRAPWVEQEGPEYWEEETRNTKAHAQTDRMNLQTLRGYYNQSEASSHTLQWMIGCDLGSDGRLLRGYEQYAYDGKDYLALNEDLRSWTAADTAAQISKRKCEAANVAEQRRAYLEGTCVEWLHRYLENGKEMLQRADPPKTHVTHHPVFDYEATLRCWALGFYPAEIILTWQRDGEDQTQDVELVETRPAGDGTFQKWAAVVVPSGEEQRYTCHVQHEGLPEPLMLRWKQSSLPTIPIMGIVAGLVVLAAVVTGAAVAAVLWRKKSSD
P17096,MSESSSKSSQPLASKQEKDGTEKRGRGRPRKQPPVSPGTALVGSQKEPSEVPTPKRPRGRPKGSKNKGAAKTRKTTTTPGRKPRGRPKKLEKEEEEGISQESSEEEQ
P09651,MSKSESPKEPEQLRKLFIGGLSFETTDESLRSHFEQWGTLTDCVVMRDPNTKRSRGFGFVTYATVEEVDAAMNARPHKVDGRVVEPKRAVSREDSQRPGAHLTVKKIFVGGIKEDTEEHHLRDYFEQYGKIEVIEIMTDRGSGKKRGFAFVTFDDHDSVDKIVIQKYHTVNGHNCEVRKALSKQEMASASSSQRGRSGSGNFGGGRGGGFGGNDNFGRGGNFSGRGGFGGSRGGGGYGGSGDGYNGFGNDGGYGGGGPGYSGGSRGYGSGGQGYGNQGSGYGGSGSYDSYNNGGGGGFGGGSGSNFGGGGSYNDFGNYNNQSSNFGPMKGGNFGGRSSGPYGGGGQYFAKPRNQGGYGGSSSSSSYGSGRRF
P07910,MASNVTNKTDPRSMNSRVFIGNLNTLVVKKSDVEAIFSKYGKIVGCSVHKGFAFVQYVNERNARAAVAGEDGRMIAGQVLDINLAAEPKVNRGKAGVKRSAAEMYGSVTEHPSPSPLLSSSFDLDYDFQRDYYDRMYSYPARVPPPPPIARAVVPSKRQRVSGNTSRRGKSGFNSKSGQRGSSKSGKLKGDDLQAIKKELTQIKQKVDSLLENLEKIEKEQSKQAVEMKNDKSEEEQSSSSVKKDETNVKMESEGGADDSAEEGDLLDDDDNEDRGDDQLELIKDDEKEAEEGEDDRDSANGEDDS
Q14103,MSEEQFGGDGAAAAATAAVGGSAGEQEGAMVAATQGAAAAAGSGAGTGGGTASGGTEGGSAESEGAKIDASKNEEDEGHSNSSPRHSEAATAQREEWKMFIGGLSWDTTKKDLKDYFSKFGEVVDCTLKLDPITGRSRGFGFVLFKESESVDKVMDQKEHKLNGKVIDPKRAKAMKTKEPVKKIFVGGLSPDTPEEKIREYFGGFGEVESIELPMDNKTNKRRGFCFITFKEEEPVKKIMEKKYHNVGLSKCEIKVAMSKEQYQQQQQWGSRGGFAGRARGRGGGPSQNWNQGYSNYWNQGYGNYGYNSQGYGGYGGYDYTGYNNYYGYGDYSNQQSGYGKVSRRGGHQNSYKPY
P61978,METEQPEETFPNTETNGEFGKRPAEDMEEEQAFKRSRNTDEMVELRILLQSKNAGAVIGKGGKNIKALRTDYNASVSVPDSSGPERILSISADIETIGEILKKIIPTLEEGLQLPSPTATSQLPLESDAVECLNYQHYKGSDFDCELRLLIHQSLAGGIIGVKGAKIKELRENTQTTIKLFQECCPHSTDRVVLIGGKPDRVVECIKIILDLISESPIKGRAQPYDPNFYDETYDYGGFTMMFDDRRGRPVGFPMRGRGGFDRMPPGRGGRPMPPSRRDYDDMSPRRGPPPPPPGRGGRGGSRARNLPLPPPPPPRGGDLMAYDRRGRPGDRYDGMVGFSADETWDSAIDTWSPSEWQMAYEPQGGSGYDYSYAGGRGSYGDLGGPIITTQVTIPKDLAGSIIGKGGQRIKQIRHESGASIKIDEPLEGSEDRIITITGTQDQIQNAQYLLQNSVKQYSGKFF
P28358,MSFPNSSPAANTFLVDSLISACRSDSFYSSSASMYMPPPSADMGTYGMQTCGLLPSLAKREVNHQNMGMNVHPYIPQVDSWTDPNRSCRIEQPVTQQVPTCSFTTNIKEESNCCMYSDKRNKLISAEVPSYQRLVPESCPVENPEVPVPGYFRLSQTYATGKTQEYNNSPEGSSTVMLQLNPRGAAKPQLSAAQLQMEKKMNEPVSGQEPTKVSQVESPEAKGGLPEERSCLAEVSVSSPEVQEKESKEEIKSDTPTSNWLTAKSGRKKRCPYTKHQTLELEKEFLFNMYLTRERRLEISKSVNLTDRQVKIWFQNRRMKLKKMSRENRIRELTANLTFS
P11021,MKLSLVAAMLLLLSAARAEEEDKKEDVGTVVGIDLGTTYSCVGVFKNGRVEIIANDQGNRITPSYVAFTPEGERLIGDAAKNQLTSNPENTVFDAKRLIGRTWNDPSVQQDIKFLPFKVVEKKTKPYIQVDIGGGQTKTFAPEEISAMVLTKMKETAEAYLGKKVTHAVVTVPAYFNDAQRQATKDAGTIAGLNVMRIINEPTAAAIAYGLDKREGEKNILVFDLGGGTFDVSLLTIDNGVFEVVATNGDTHLGGEDFDQRVMEHFIKLYKKKTGKDVRKDNRAVQKLRREVEKAKRALSSQHQARIEIESFYEGEDFSETLTRAKFEELNMDLFRSTMKPVQKVLEDSDLKKSDIDEIVLVGGSTRIPKIQQLVKEFFNGKEPSRGINPDEAVAYGAAVQAGVLSGDQDTGDLVLLDVCPLTLGIETVGGVMTKLIPRNTVVPTKKSQIFSTASDNQPTVTIKVYEGERPLTKDNHLLGTFDLTGIPPAPRGVPQIEVTFEIDVNGILRVTAEDKGTGNKNKITITNDQNRLTPEEIERMVNDAEKFAEEDKKLKERIDTRNELESYAYSLKNQIGDKEKLGGKLSSEDKETMEKAVEEKIEWLESHQDADIEDFKAKKKELEEIVQPIISKLYGSAGPPPTGEEDTAEKDEL
P01562,MASPFALLMVLVVLSCKSSCSLGCDLPETHSLDNRRTLMLLAQMSRISPSSCLMDRHDFGFPQEEFDGNQFQKAPAISVLHELIQQIFNLFTTKDSSAAWDEDLLDKFCTELYQQLNDLEACVMQEERVGETPLMNADSILAVKKYFRRITLYLTEKKYSPCAWEVVRAEIMRSLSLSTNLQERLRRKE
Q9UK53,MSFVECPYHSPAERLVAEADEGGPSAITGMGLCFRCLLFSFSGRSGVEGGRVDLNVFGSLGLQPWIGSSRCWGGPCSSALRCGWFSSWPPPSKSAIPIGGGSRGAGRVSRWPPPHWLEAWRVSPLPLSPLSPATFGRGFIAVAVIPGLWARGRGCSSDRLPRPAGPARRQFQAASLLTRGWGRAWPWKQILKELDECYERFSRETDGAQKRRMLHCVQRALIRSQELGDEKIQIVSQMVELVENRTRQVDSHVELFEAQQELGDTAGNSGKAGADRPKGEAAAQADKPNSKRSRRQRNNENRENASSNHDHDDGASGTPKEKKAKTSKKKKRSKAKAEREASPADLPIDPNEPTYCLCNQVSYGEMIGCDNDECPIEWFHFSCVGLNHKPKGKWYCPKCRGENEKTMDKALEKSKKERAYNR
Q12809,MPVRRGHVAPQNTFLDTIIRKFEGQSRKFIIANARVENCAVIYCNDGFCELCGYSRAEVMQRPCTCDFLHGPRTQRRAAAQIAQALLGAEERKVEIAFYRKDGSCFLCLVDVVPVKNEDGAVIMFILNFEVVMEKDMVGSPAHDTNHRGPPTSWLAPGRAKTFRLKLPALLALTARESSVRSGGAGGAGAPGAVVVDVDLTPAAPSSESLALDEVTAMDNHVAGLGPAEERRALVGPGSPPRSAPGQLPSPRAHSLNPDASGSSCSLARTRSRESCASVRRASSADDIEAMRAGVLPPPPRHASTGAMHPLRSGLLNSTSDSDLVRYRTISKIPQITLNFVDLKGDPFLASPTSDREIIAPKIKERTHNVTEKVTQVLSLGADVLPEYKLQAPRIHRWTILHYSPFKAVWDWLILLLVIYTAVFTPYSAAFLLKETEEGPPATECGYACQPLAVVDLIVDIMFIVDILINFRTTYVNANEEVVSHPGRIAVHYFKGWFLIDMVAAIPFDLLIFGSGSEELIGLLKTARLLRLVRVARKLDRYSEYGAAVLFLLMCTFALIAHWLACIWYAIGNMEQPHMDSRIGWLHNLGDQIGKPYNSSGLGGPSIKDKYVTALYFTFSSLTSVGFGNVSPNTNSEKIFSICVMLIGSLMYASIFGNVSAIIQRLYSGTARYHTQMLRVREFIRFHQIPNPLRQRLEEYFQHAWSYTNGIDMNAVLKGFPECLQADICLHLNRSLLQHCKPFRGATKGCLRALAMKFKTTHAPPGDTLVHAGDLLTALYFISRGSIEILRGDVVVAILGKNDIFGEPLNLYARPGKSNGDVRALTYCDLHKIHRDDLLEVLDMYPEFSDHFWSSLEITFNLRDTNMIPGSPGSTELEGGFSRQRKRKLSFRRRTDKDTEQPGEVSALGPGRAGAGPSSRGRPGGPWGESPSSGPSSPESSEDEGPGRSSSPLRLVPFSSPRPPGEPPGGEPLMEDCEKSSDTCNPLSGAFSGVSNIFSFWGDSRGRQYQELPRCPAPTPSLLNIPLSSPGRRPRGDVESRLDALQRQLNRLETRLSADMATVLQLLQRQMTLVPPAYSAVTTPGPGPTSTSPLLPVSPLPTLTLDSLSQVSQFMACEELPPGAPELPQEGPTRRLSLPGQLGALTSQPLHRHGSDPGS
Q14444,MPSATSHSGSGSKSSGPPPPSGSSGSEAAAGAGAAAPASQHPATGTGAVQTEAMKQILGVIDKKLRNLEKKKGKLDDYQERMNKGERLNQDQLDAVSKYQEVTNNLEFAKELQRSFMALSQDIQKTIKKTARREQLMREEAEQKRLKTVLELQYVLDKLGDDEVRTDLKQGLNGVPILSEEELSLLDEFYKLVDPERDMSLRLNEQYEHASIHLWDLLEGKEKPVCGTTYKVLKEIVERVFQSNYFDSTHNHQNGLCEEEEAASAPAVEDQVPEAEPEPAEEYTEQSEVESTEYVNRQFMAETQFTSGEKEQVDEWTVETVEVVNSLQQQPQAASPSVPEPHSLTPVAQADPLVRRQRVQDLMAQMQGPYNFIQDSMLDFENQTLDPAIVSAQPMNPTQNMDMPQLVCPPVHSESRLAQPNQVPVQPEATQVPLVSSTSEGYTASQPLYQPSHATEQRPQKEPIDQIQATISLNTDQTTASSSLPAASQPQVFQAGTSKPLHSSGINVNAAPFQSMQTVFNMNAPVPPVNEPETLKQQNQYQASYNQSFSSQPHQVEQTELQQEQLQTVVGTYHGSPDQSHQVTGNHQQPPQQNTGFPRSNQPYYNSRGVSRGGSRGARGLMNGYRGPANGFRGGYDGYRPSFSNTPNSGYTQSQFSAPRDYSGYQRDGYQQNFKRGSGQSGPRGAPRGRGGPPRPNRGMPQMNTQQVN
Q15797,MNVTSLFSFTSPAVKRLLGWKQGDEEEKWAEKAVDALVKKLKKKKGAMEELEKALSCPGQPSNCVTIPRSLDGRLQVSHRKGLPHVIYCRVWRWPDLQSHHELKPLECCEFPFGSKQKEVCINPYHYKRVESPVLPPVLVPRHSEYNPQHSLLAQFRNLGQNEPHMPLNATFPDSFQQPNSHPFPHSPNSSYPNSPGSSSSTYPHSPTSSDPGSPFQMPADTPPPAYLPPEDPMTQDGSQPMDTNMMAPPLPSEINRGDVQAVAYEEPKHWCSIVYYELNNRVGEAFHASSTSVLVDGFTDPSNNKNRFCLGLLSNVNRNSTIENTRRHIGKGVHLYYVGGEVYAECLSDSSIFVQSRNCNYHHGFHPTTVCKIPSGCSLKIFNNQEFAQLLAQSVNHGFETVYELTKMCTIRMSFVKGWGAEYHRQDVTSTPCWIEIHLHGPLQWLDKVLTQMGSPHNPISSVS
Q99717,MTSMASLFSFTSPAVKRLLGWKQGDEEEKWAEKAVDALVKKLKKKKGAMEELEKALSSPGQPSKCVTIPRSLDGRLQVSHRKGLPHVIYCRVWRWPDLQSHHELKPLDICEFPFGSKQKEVCINPYHYKRVESPVLPPVLVPRHNEFNPQHSLLVQFRNLSHNEPHMPQNATFPDSFHQPNNTPFPLSPNSPYPPSPASSTYPNSPASSGPGSPFQLPADTPPPAYMPPDDQMGQDNSQPMDTSNNMIPQIMPSISSRDVQPVAYEEPKHWCSIVYYELNNRVGEAFHASSTSVLVDGFTDPSNNKSRFCLGLLSNVNRNSTIENTRRHIGKGVHLYYVGGEVYAECLSDSSIFVQSRNCNFHHGFHPTTVCKIPSSCSLKIFNNQEFAQLLAQSVNHGFEAVYELTKMCTIRMSFVKGWGAEYHRQDVTSTPCWIEIHLHGPLQWLDKVLTQMGSPLNPISSVS
Q9NR56,MAVSVTPIRDTKWLTLEVCREFQRGTCSRPDTECKFAHPSKSCQVENGRVIACFDSLKGRCSRENCKYLHPPPHLKTQLEINGRNNLIQQKNMAMLAQQMQLANAMMPGAPLQPVPMFSVAPSLATNASAAAFNPYLGPVSPSLVPAEILPTAPMLVTGNPGVPVPAAAAAAAQKLMRTDRLEVCREYQRGNCNRGENDCRFAHPADSTMIDTNDNTVTVCMDYIKGRCSREKCKYFHPPAHLQAKIKAAQYQVNQAAAAQAAATAAAMTQSAVKSLKRPLEATFDLGIPQAVLPPLPKRPALEKTNGATAVFNTGIFQYQQALANMQLQQHTAFLPPVPMVHGATPATVSAATTSATSVPFAATATANQIPIISAEHLTSHKYVTQM
Q07820,MFGLKRNAVIGLNLYCGGAGLGAGSGGATRPGGRLLATEKEASARREIGGGEAGAVIGGSAGASPPSTLTPDSRRVARPPPIGAEVPDVTATPARLLFFAPTRRAAPLEEMEAPAADAIMSPEEELDGYEPEPLGKRPAVLPLLELVGESGNNTSTDGSLPSTPPPAEEEEDELYRQSLEIISRYLREQATGAKDTKPMGRSGATSRKALETLRRVGDGVQRNHETAFQGMLRKLDIKNEDDVKSLSRVMIHVFSDGVTNWGRIVTLISFGAFVAKHLKTINQESCIEPLAESITDVLVRTKRDWLVKQRGWDGFVEFFHVEDLEGGIRNVLLAFAGVAGVGAGLAYLIR
O00470,MAQRYDDLPHYGGMDGVGIPSTMYGDPHAARSMQPVHHLNHGPPLHSHQYPHTAHTNAMAPSMGSSVNDALKRDKDAIYGHPLFPLLALIFEKCELATCTPREPGVAGGDVCSSESFNEDIAVFAKQIRAEKPLFSSNPELDNLMIQAIQVLRFHLLELEKVHELCDNFCHRYISCLKGKMPIDLVIDDREGGSKSDSEDITRSANLTDQPSWNRDHDDTASTRSGGTPGPSSGGHTSHSGDNSSEQGDGLDNSVASPSTGDDDDPDKDKKRHKKRGIFPKVATNIMRAWLFQHLTHPYPSEEQKKQLAQDTGLTILQVNNWFINARRRIVQPMIDQSNRAVSQGTPYNPDGQPMGGFVMDGQQHMGIRAPGPMSGMGMNMGMEGQWHYM
P08253,MEALMARGALTGPLRALCLLGCLLSHAAAAPSPIIKFPGDVAPKTDKELAVQYLNTFYGCPKESCNLFVLKDTLKKMQKFFGLPQTGDLDQNTIETMRKPRCGNPDVANYNFFPRKPKWDKNQITYRIIGYTPDLDPETVDDAFARAFQVWSDVTPLRFSRIHDGEADIMINFGRWEHGDGYPFDGKDGLLAHAFAPGTGVGGDSHFDDDELWTLGEGQVVRVKYGNADGEYCKFPFLFNGKEYNSCTDTGRSDGFLWCSTTYNFEKDGKYGFCPHEALFTMGGNAEGQPCKFPFRFQGTSYDSCTTEGRTDGYRWCGTTEDYDRDKKYGFCPETAMSTVGGNSEGAPCVFPFTFLGNKYESCTSAGRSDGKMWCATTANYDDDRKWGFCPDQGYSLFLVAAHEFGHAMGLEHSQDPGALMAPIYTYTKNFRLSQDDIKGIQELYGASPDIDLGTGPTPTLGPVTPEICKQDIVFDGIAQIRGEIFFFKDRFIWRTVTPRDKPMGPLLVATFWPELPEKIDAVYEAPQEEKAVFFAGNEYWIYSASTLERGYPKPLTSLGLPPDVQRVDAAFNWSKNKKTYIFAGDKFWRYNEVKKKMDPGFPKLIADAWNAIPDNLDAVVDLQGGGHSYFFKGAYYLKLENQSLKSVKFGSIKSDWLGC
P45452,MHPGVLAAFLFLSWTHCRALPLPSGGDEDDLSEEDLQFAERYLRSYYHPTNLAGILKENAASSMTERLREMQSFFGLEVTGKLDDNTLDVMKKPRCGVPDVGEYNVFPRTLKWSKMNLTYRIVNYTPDMTHSEVEKAFKKAFKVWSDVTPLNFTRLHDGIADIMISFGIKEHGDFYPFDGPSGLLAHAFPPGPNYGGDAHFDDDETWTSSSKGYNLFLVAAHEFGHSLGLDHSKDPGALMFPIYTYTGKSHFMLPDDDVQGIQSLYGPGDEDPNPKHPKTPDKCDPSLSLDAITSLRGETMIFKDRFFWRLHPQQVDAELFLTKSFWPELPNRIDAAYEHPSHDLIFIFRGRKFWALNGYDILEGYPKKISELGLPKEVKKISAAVHFEDTGKTLLFSGNQVWRYDDTNHIMDKDYPRLIEEDFPGIGDKVDAVYEKNGYIYFFNGPIQFEYSIWSNRIVRVMPANSILWC
Q9HCE1,MPSKFSCRQLREAGQCFESFLVVRGLDMETDRERLRTIYNRDFKISFGTPAPGFSSMLYGMKIANLAYVTKTRVRFFRLDRWADVRFPEKRRMKLGSDISKHHKSLLAKIFYDRAEYLHGKHGVDVEVQGPHEARDGQLLIRLDLNRKEVLTLRLRNGGTQSVTLTHLFPLCRTPQFAFYNEDQELPCPLGPGECYELHVHCKTSFVGYFPATVLWELLGPGESGSEGAGTFYIARFLAAVAHSPLAAQLKPMTPFKRTRITGNPVVTNRIEEGERPDRAKGYDLELSMALGTYYPPPRLRQLLPMLLQGTSIFTAPKEIAEIKAQLETALKWRNYEVKLRLLLHLEELQMEHDIRHYDLESVPMTWDPVDQNPRLLTLEVPGVTESRPSVLRGDHLFALLSSETHQEDPITYKGFVHKVELDRVKLSFSMSLLSRFVDGLTFKVNFTFNRQPLRVQHRALELTGRWLLWPMLFPVAPRDVPLLPSDVKLKLYDRSLESNPEQLQAMRHIVTGTTRPAPYIIFGPPGTGKTVTLVEAIKQVVKHLPKAHILACAPSNSGADLLCQRLRVHLPSSIYRLLAPSRDIRMVPEDIKPCCNWDAKKGEYVFPAKKKLQEYRVLITTLITAGRLVSAQFPIDHFTHIFIDEAGHCMEPESLVAIAGLMEVKETGDPGGQLVLAGDPRQLGPVLRSPLTQKHGLGYSLLERLLTYNSLYKKGPDGYDPQFITKLLRNYRSHPTILDIPNQLYYEGELQACADVVDRERFCRWAGLPRQGFPIIFHGVMGKDEREGNSPSFFNPEEAATVTSYLKLLLAPSSKKGKARLSPRSVGVISPYRKQVEKIRYCITKLDRELRGLDDIKDLKVGSVEEFQGQERSVILISTVRSSQSFVQLDLDFNLGFLKNPKRFNVAVTRAKALLIIVGNPLLLGHDPDWKVFLEFCKENGGYTGCPFPAKLDLQQGQNLLQGLSKLSPSTSGPHSHDYLPQEREGEGGLSLQVEPEWRNEL
P01106,MDFFRVVENQQPPATMPLNVSFTNRNYDLDYDSVQPYFYCDEEENFYQQQQQSELQPPAPSEDIWKKFELLPTPPLSPSRRSGLCSPSYVAVTPFSLRGDNDGGGGSFSTADQLEMVTELLGGDMVNQSFICDPDDETFIKNIIIQDCMWSGFSAAAKLVSEKLASYQAARKDSGSPNPARGHSVCSTSSLYLQDLSAAASECIDPSVVFPYPLNDSSSPKSCASQDSSAFSPSSDSLLSSTESSPQGSPEPLVLHEETPPTTSSDSEEEQEDEEEIDVVSVEKRQAPGKRSESGSPSAGGHSKPPHSPLVLKRCHVSTHQHNYAAPPSTRKDYPAAKRVKLDSVRVLRQISNNRKCTSPRSSDTEENVKRRTHNVLERQRRNELKRSFFALRDQIPELENNEKAPKVVILKKATAYILSVQAEEQKLISEEDLLRKRREQLKHKLEQLRNSCA
P29474,MGNLKSVAQEPGPPCGLGLGLGLGLCGKQGPATPAPEPSRAPASLLPPAPEHSPPSSPLTQPPEGPKFPRVKNWEVGSITYDTLSAQAQQDGPCTPRRCLGSLVFPRKLQGRPSPGPPAPEQLLSQARDFINQYYSSIKRSGSQAHEQRLQEVEAEVAATGTYQLRESELVFGAKQAWRNAPRCVGRIQWGKLQVFDARDCRSAQEMFTYICNHIKYATNRGNLRSAITVFPQRCPGRGDFRIWNSQLVRYAGYRQQDGSVRGDPANVEITELCIQHGWTPGNGRFDVLPLLLQAPDDPPELFLLPPELVLEVPLEHPTLEWFAALGLRWYALPAVSNMLLEIGGLEFPAAPFSGWYMSTEIGTRNLCDPHRYNILEDVAVCMDLDTRTTSSLWKDKAAVEINVAVLHSYQLAKVTIVDHHAATASFMKHLENEQKARGGCPADWAWIVPPISGSLTPVFHQEMVNYFLSPAFRYQPDPWKGSAAKGTGITRKKTFKEVANAVKISASLMGTVMAKRVKATILYGSETGRAQSYAQQLGRLFRKAFDPRVLCMDEYDVVSLEHETLVLVVTSTFGNGDPPENGESFAAALMEMSGPYNSSPRPEQHKSYKIRFNSISCSDPLVSSWRRKRKESSNTDSAGALGTLRFCVFGLGSRAYPHFCAFARAVDTRLEELGGERLLQLGQGDELCGQEEAFRGWAQAAFQAACETFCVGEDAKAAARDIFSPKRSWKRQRYRLSAQAEGLQLLPGLIHVHRRKMFQATIRSVENLQSSKSTRATILVRLDTGGQEGLQYQPGDHIGVCPPNRPGLVEALLSRVEDPPAPTEPVAVEQLEKGSPGGPPPGWVRDPRLPPCTLRQALTFFLDITSPPSPQLLRLLSTLAEEPREQQELEALSQDPRRYEEWKWFRCPTLLEVLEQFPSVALPAPLLLTQLPLLQPRYYSVSSAPSTHPGEIHLTVAVLAYRTQDGLGPLHYGVCSTWLSQLKPGDPVPCFIRGAPSFRLPPDPSLPCILVGPGTGIAPFRGFWQERLHDIESKGLQPTPMTLVFGCRCSQLDHLYRDEVQNAQQRGVFGRVLTAFSREPDNPKTYVQDILRTELAAEVHRVLCLERGHMFVCGDVTMATNVLQTVQRILATEGDMELDEAGDVIGVLRDQQRYHEDIFGLTLRTQEVTSRIRTQSFSLQERQLRGAVPWAFDPPGSDTNSP
Q16288,MDVSLCPAKCSFWRIFLLGSVWLDYVGSVLACPANCVCSKTEINCRRPDDGNLFPLLEGQDSGNSNGNASINITDISRNITSIHIENWRSLHTLNAVDMELYTGLQKLTIKNSGLRSIQPRAFAKNPHLRYINLSSNRLTTLSWQLFQTLSLRELQLEQNFFNCSCDIRWMQLWQEQGEAKLNSQNLYCINADGSQLPLFRMNISQCDLPEISVSHVNLTVREGDNAVITCNGSGSPLPDVDWIVTGLQSINTHQTNLNWTNVHAINLTLVNVTSEDNGFTLTCIAENVVGMSNASVALTVYYPPRVVSLEEPELRLEHCIEFVVRGNPPPTLHWLHNGQPLRESKIIHVEYYQEGEISEGCLLFNKPTHYNNGNYTLIAKNPLGTANQTINGHFLKEPFPESTDNFILFDEVSPTPPITVTHKPEEDTFGVSIAVGLAAFACVLLVVLFVMINKYGRRSKFGMKGPVAVISGEEDSASPLHHINHGITTPSSLDAGPDTVVIGMTRIPVIENPQYFRQGHNCHKPDTYVQHIKRRDIVLKRELGEGAFGKVFLAECYNLSPTKDKMLVAVKALKDPTLAARKDFQREAELLTNLQHEHIVKFYGVCGDGDPLIMVFEYMKHGDLNKFLRAHGPDAMILVDGQPRQAKGELGLSQMLHIASQIASGMVYLASQHFVHRDLATRNCLVGANLLVKIGDFGMSRDVYSTDYYRLFNPSGNDFCIWCEVGGHTMLPIRWMPPESIMYRKFTTESDVWSFGVILWEIFTYGKQPWFQLSNTEVIECITQGRVLERPRVCPKEVYDVMLGCWQREPQQRLNIKEIYKILHALGKATPIYLDILG
P11309,MLLSKINSLAHLRAAPCNDLHATKLAPGKEKEPLESQYQVGPLLGSGGFGSVYSGIRVSDNLPVAIKHVEKDRISDWGELPNGTRVPMEVVLLKKVSSGFSGVIRLLDWFERPDSFVLILERPEPVQDLFDFITERGALQEELARSFFWQVLEAVRHCHNCGVLHRDIKDENILIDLNRGELKLIDFGSGALLKDTVYTDFDGTRVYSPPEWIRYHRYHGRSAAVWSLGILLYDMVCGDIPFEHDEEIIRGQVFFRQRVSSECQHLIRWCLALRPSDRPTFEEIQNHPWMQDVLLPQETAEIHLHSLSPGPSK
Q07869,MVDTESPLCPLSPLEAGDLESPLSEEFLQEMGNIQEISQSIGEDSSGSFGFTEYQYLGSCPGSDGSVITDTLSPASSPSSVTYPVVPGSVDESPSGALNIECRICGDKASGYHYGVHACEGCKGFFRRTIRLKLVYDKCDRSCKIQKKNRNKCQYCRFHKCLSVGMSHNAIRFGRMPRSEKAKLKAEILTCEHDIEDSETADLKSLAKRIYEAYLKNFNMNKVKARVILSGKASNNPPFVIHDMETLCMAEKTLVAKLVANGIQNKEAEVRIFHCCQCTSVETVTELTEFAKAIPGFANLDLNDQVTLLKYGVYEAIFAMLSSVMNKDGMLVAYGNGFITREFLKSLRKPFCDIMEPKFDFAMKFNALELDDSDISLFVAAIICCGDRPGLLNVGHIEKMQEGIVHVLRLHLQSNHPDDIFLFPKLLQKMADLRQLVTEHAQLVQIIKKTESDAALHPLLQEIYRDMY
Q96QC0,MGSGPIDPKELLKGLDSFLNRDGEVKSVDGISKIFSLMKEARKMVSRCTYLNILLQTRSPEILVKFIDVGGYKLLNNWLTYSKTTNNIPLLQQILLTLQHLPLTVDHLKQNNTAKLVKQLSKSSEDEELRKLASVLVSDWMAVIRSQSSTQPAEKDKKKRKDEGKSRTTLPERPLTEVKAETRAEEAPEKKREKPKSLRTTAPSHAKFRSTGLELETPSLVPVKKNASTVVVSDKYNLKPIPLKRQSNVAAPGDATPPAEKKYKPLNTTPNATKEIKVKIIPPQPMEGLGFLDALNSAPVPGIKIKKKKKVLSPTAAKPSPFEGKTSTEPSTAKPSSPEPAPPSEAMDADRPGTPVPPVEVPELMDTASLEPGALDAKPVESPGDPNQLTRKGRKRKSVTWPEEGKLREYFYFELDETERVNVNKIKDFGEAAKREILSDRHAFETARRLSHDNMEEKVPWVCPRPLVLPSPLVTPGSNSQERYIQAEREKGILQELFLNKESPHEPDPEPYEPIPPKLIPLDEECSMDETPYVETLEPGGSGGSPDGAGGSKLPPVLANLMGSMGAGKGPQGPGGGGINVQEILTSIMGSPNSHPSEELLKQPDYSDKIKQMLVPHGLLGPGPIANGFPPGGPGGPKGMQHFPPGPGGPMPGPHGGPGGPVGPRLLGPPPPPRGGDPFWDGPGDPMRGGPMRGGPGPGPGPYHRGRGGRGGNEPPPPPPPFRGARGGRSGGGPPNGRGGPGGGMVGGGGHRPHEGPGGGMGNSSGHRPHEGPGGGMGSGHRPHEGPGGSMGGGGGHRPHEGPGGGISGGSGHRPHEGPGGGMGAGGGHRPHEGPGGSMGGSGGHRPHEGPGHGGPHGHRPHDVPGHRGHDHRGPPPHEHRGHDGPGHGGGGHRGHDGGHSHGGDMSNRPVCRHFMMKGNCRYENNCAFYHPGVNGPPLP
Q15257,MAEGERQPPPDSSEEAPPATQNFIIPKKEIHTVPDMGKWKRSQAYADYIGFILTLNEGVKGKKLTFEYRVSEMWNEVHEEKEQAAKQSVSCDECIPLPRAGHCAPSEAIEKLVALLNTLDRWIDETPPVDQPSRFGNKAYRTWYAKLDEEAENLVATVVPTHLAAAVPEVAVYLKESVGNSTRIDYGTGHEAAFAAFLCCLCKIGVLRVDDQIAIVFKVFNRYLEVMRKLQKTYRMEPAGSQGVWGLDDFQFLPFIWGSSQLIDHPYLEPRHFVDEKAVNENHKDYMFLECILFITEMKTGPFAEHSNQLWNISAVPSWSKVNQGLIRMYKAECLEKFPVIQHFKFGSLLPIHPVTSG
P26599,MDGIVPDIAVGTKRGSDELFSTCVTNGPFIMSSNSASAANGNDSKKFKGDSRSAGVPSRVIHIRKLPIDVTEGEVISLGLPFGKVTNLLMLKGKNQAFIEMNTEEAANTMVNYYTSVTPVLRGQPIYIQFSNHKELKTDSSPNQARAQAALQAVNSVQSGNLALAASAAAVDAGMAMAGQSPVLRIIVENLFYPVTLDVLHQIFSKFGTVLKIITFTKNNQFQALLQYADPVSAQHAKLSLDGQNIYNACCTLRIDFSKLTSLNVKYNNDKSRDYTRPDLPSGDSQPSLDQTMAAAFGAPGIISASPYAGAGFPPTFAIPQAAGLSVPNVHGALAPLAIPSAAAAAAAAGRIAIPGLAGAGNSVLLVSNLNPERVTPQSLFILFGVYGDVQRVKILFNKKENALVQMADGNQAQLAMSHLNGHKLHGKPIRITLSKHQNVQLPREGQEDQGLTKDYGNSPLHRFKKPGSKNFQNIFPPSATLHLSNIPPSVSEEDLKVLFSSNGGVVKGFKFFQKDRKMALIQMGSVEEAVQALIDLHNHDLGENHHLRVSFSKSTI
P60484,MTAIIKEIVSRNKRRYQEDGFDLDLTYIYPNIIAMGFPAERLEGVYRNNIDDVVRFLDSKHKNHYKIYNLCAERHYDTAKFNCRVAQYPFEDHNPPQLELIKPFCEDLDQWLSEDDNHVAAIHCKAGKGRTGVMICAYLLHRGKFLKAQEALDFYGEVRTRDKKGVTIPSQRRYVYYYSYLLKNHLDYRPVALLFHKMMFETIPMFSGGTCNPQFVVCQLKVKIYSSNSGPTRREDKFMYFEFPQPLPVCGDIKVEFFHKQNKMLKKDKMFHFWVNTFFIPGPEETSEKVENGSLCDQEIDSICSIERADNDKEYLVLTLTKNDLDKANKDKANRYFSPNFKVKLYFTKTVEEPSNPEASSSTSVTPDVSDNEPDHYRYSDTTDSDPENEPFDEDQHTQITKV
Q06124,MTSRRWFHPNITGVEAENLLLTRGVDGSFLARPSKSNPGDFTLSVRRNGAVTHIKIQNTGDYYDLYGGEKFATLAELVQYYMEHHGQLKEKNGDVIELKYPLNCADPTSERWFHGHLSGKEAEKLLTEKGKHGSFLVRESQSHPGDFVLSVRTGDDKGESNDGKSKVTHVMIRCQELKYDVGGGERFDSLTDLVEHYKKNPMVETLGTVLQLKQPLNTTRINAAEIESRVRELSKLAETTDKVKQGFWEEFETLQQQECKLLYSRKEGQRQENKNKNRYKNILPFDHTRVVLHDGDPNEPVSDYINANIIMPEFETKCNNSKPKKSYIATQGCLQNTVNDFWRMVFQENSRVIVMTTKEVERGKSKCVKYWPDEYALKEYGVMRVRNVKESAAHDYTLRELKLSKVGQGNTERTVWQYHFRTWPDHGVPSDPGGVLDFLEEVHHKQESIMDAGPVVVHCSAGIGRTGTFIVIDILIDIIREKGVDCDIDVPKTIQMVRSQRSGMVQTEAQYRFIYMAVQHYIETLQRRIEEEQKSKRKGHEYTNIKYSLADQTSGDQSPLPPCTPTPPCAEMREDSARVYENVGLMQQQKSFR
Q92900,MSVEAYGPSSQTLTFLDTEEAELLGADTQGSEFEFTDFTLPSQTQTPPGGPGGPGGGGAGGPGGAGAGAAAGQLDAQVGPEGILQNGAVDDSVAKTSQLLAELNFEEDEEDTYYTKDLPIHACSYCGIHDPACVVYCNTSKKWFCNGRGNTSGSHIVNHLVRAKCKEVTLHKDGPLGETVLECYNCGCRNVFLLGFIPAKADSVVVLLCRQPCASQSSLKDINWDSSQWQPLIQDRCFLSWLVKIPSEQEQLRARQITAQQINKLEELWKENPSATLEDLEKPGVDEEPQHVLLRYEDAYQYQNIFGPLVKLEADYDKKLKESQTQDNITVRWDLGLNKKRIAYFTLPKTDSGNEDLVIIWLRDMRLMQGDEICLRYKGDLAPLWKGIGHVIKVPDNYGDEIAIELRSSVGAPVEVTHNFQVDFVWKSTSFDRMQSALKTFAVDETSVSGYIYHKLLGHEVEDVIIKCQLPKRFTAQGLPDLNHSQVYAVKTVLQRPLSLIQGPPGTGKTVTSATIVYHLARQGNGPVLVCAPSNIAVDQLTEKIHQTGLKVVRLCAKSREAIDSPVSFLALHNQIRNMDSMPELQKLQQLKDETGELSSADEKRYRALKRTAERELLMNADVICCTCVGAGDPRLAKMQFRSILIDESTQATEPECMVPVVLGAKQLILVGDHCQLGPVVMCKKAAKAGLSQSLFERLVVLGIRPIRLQVQYRMHPALSAFPSNIFYEGSLQNGVTAADRVKKGFDFQWPQPDKPMFFYVTQGQEEIASSGTSYLNRTEAANVEKITTKLLKAGAKPDQIGIITPYEGQRSYLVQYMQFSGSLHTKLYQEVEIASVDAFQGREKDFIILSCVRANEHQGIGFLNDPRRLNVALTRARYGVIIVGNPKALSKQPLWNHLLNYYKEQKVLVEGPLNNLRESLMQFSKPRKLVNTINPGARFMTTAMYDAREAIIPGSVYDRSSQGRPSSMYFQTHDQIGMISAGPSHVAAMNIPIPFNLVMPPMPPPGYFGQANGPAAGRGTPKGKTGRGGRQKNRFGLPGPSQTNLPNSQASQDVASQPFSQGALTQGYISMSQPSQMSQPGLSQPELSQDSYLGDEFKSQIDVALSQDSTYQGERAYQHGGVTGLSQY
Q07955,MSGGGVIRGPAGNNDCRIYVGNLPPDIRTKDIEDVFYKYGAIRDIDLKNRRGGPPFAFVEFEDPRDAEDAVYGRDGYDYDGYRLRVEFPRSGRGTGRGGGGGGGGGAPRGRYGPPSRRSENRVVVSGLPPSGSWQDLKDHMREAGDVCYADVYRDGTGVVEFVRKEDMTYAVRKLDNTKFRSHEGETAYIRVKVDGPRSPSYGRSRSRSRSRSRSRSRSNSRSRSYSPRRSRGSPRYSPRHSRSRSRT
P48436,MNLLDPFMKMTDEQEKGLSGAPSPTMSEDSAGSPCPSGSGSDTENTRPQENTFPKGEPDLKKESEEDKFPVCIREAVSQVLKGYDWTLVPMPVRVNGSSKNKPHVKRPMNAFMVWAQAARRKLADQYPHLHNAELSKTLGKLWRLLNESEKRPFVEEAERLRVQHKKDHPDYKYQPRRRKSVKNGQAEAEEATEQTHISPNAIFKALQADSPHSSSGMSEVHSPGEHSGQSQGPPTPPTTPKTDVQPGKADLKREGRPLPEGGRQPPIDFRDVDIGELSSDVISNIETFDVNEFDQYLPPNGHPGVPATHGQVTYTGSYGISSTAATPASAGHVWMSKQQAPPPPPQQPPQAPPAPQAPPQPQAAPPQQPAAPPQQPQAHTLTTLSSEPGQSQRTHIKTEQLSPSHYSEQQQHSPQQIAYSPFNLPHYSPSYPPITRSQYDYTDHQNSSSYYSHAAGQGTGLYSTFTYMNPAQRPMYTPIADTSGVPSIPQTHSPQHWEQPVYTQLTRP
P40763,MAQWNQLQQLDTRYLEQLHQLYSDSFPMELRQFLAPWIESQDWAYAASKESHATLVFHNLLGEIDQQYSRFLQESNVLYQHNLRRIKQFLQSRYLEKPMEIARIVARCLWEESRLLQTAATAAQQGGQANHPTAAVVTEKQQMLEQHLQDVRKRVQDLEQKMKVVENLQDDFDFNYKTLKSQGDMQDLNGNNQSVTRQKMQQLEQMLTALDQMRRSIVSELAGLLSAMEYVQKTLTDEELADWKRRQQIACIGGPPNICLDRLENWITSLAESQLQTRQQIKKLEELQQKVSYKGDPIVQHRPMLEERIVELFRNLMKSAFVVERQPCMPMHPDRPLVIKTGVQFTTKVRLLVKFPELNYQLKIKVCIDKDSGDVAALRGSRKFNILGTNTKVMNMEESNNGSLSAEFKHLTLREQRCGNGGRANCDASLIVTEELHLITFETEVYHQGLKIDLETHSLPVVVISNICQMPNAWASILWYNMLTNNPKNVNFFTKPPIGTWDQVAEVLSWQFSSTTKRGLSIEQLTTLAEKLLGPGVNYSGCQITWAKFCKENMAGKGFSFWVWLDNIIDLVKKYILALWNEGYIMGFISKERERAILSTKPPGTFLLRFSESSKEGGVTFTWVEKDISGKTQIQSVEPYTKQQLNNMSFAEIIMGYKIMDATNILVSPLVYLYPDIPKEEAFGKYCRPESQEHPEADPGSAAPYLKTKFICVTPTTCSNTIDLPMSPRTLDSLMQFGNNGEGAEPSAGGQFESLTFDMELTSECATSPM
P31483,MEDEMPKTLYVGNLSRDVTEALILQLFSQIGPCKNCKMIMDTAGNDPYCFVEFHEHRHAAAALAAMNGRKIMGKEVKVNWATTPSSQKKDTSSSTVVSTQRSQDHFHVFVGDLSPEITTEDIKAAFAPFGRISDARVVKDMATGKSKGYGFVSFFNKWDAENAIQQMGGQWLGGRQIRTNWATRKPPAPKSTYESNTKQLSYDEVVNQSSPSNCTVYCGGVTSGLTEQLMRQTFSPFGQIMEIRVFPDKGYSFVRFNSHESAAHAIVSVNGTTIEGHVVKCYWGKETLDMINPVQQQNQIGYPQPYGQWGQWYGNAQQIGQYMPNGWQVPAYGMYGQAWNQQGFNQTQSSAPWMGPNYGVQPPQGQNGSMLPNQPSGYRVAGYETQ
Q01085,MMEDDGQPRTLYVGNLSRDVTEVLILQLFSQIGPCKSCKMITEHTSNDPYCFVEFYEHRDAAAALAAMNGRKILGKEVKVNWATTPSSQKKDTSNHFHVFVGDLSPEITTEDIKSAFAPFGKISDARVVKDMATGKSKGYGFVSFYNKLDAENAIVHMGGQWLGGRQIRTNWATRKPPAPKSTQENNTKQLRFEDVVNQSSPKNCTVYCGGIASGLTDQLMRQTFSPFGQIMEIRVFPEKGYSFVRFSTHESAAHAIVSVNGTTIEGHVVKCYWGKESPDMTKNFQQVDYSQWGQWSQVYGNPQQYGQYMANGWQVPPYGVYGQPWNQQGFGVDQSPSAAWMGGFGAQPPQGQAPPPVIPPPNQAGYGMASYQTQ
P11387,MSGDHLHNDSQIEADFRLNDSHKHKDKHKDREHRHKEHKKEKDREKSKHSNSEHKDSEKKHKEKEKTKHKDGSSEKHKDKHKDRDKEKRKEEKVRASGDAKIKKEKENGFSSPPQIKDEPEDDGYFVPPKEDIKPLKRPRDEDDADYKPKKIKTEDTKKEKKRKLEEEEDGKLKKPKNKDKDKKVPEPDNKKKKPKKEEEQKWKWWEEERYPEGIKWKFLEHKGPVFAPPYEPLPENVKFYYDGKVMKLSPKAEEVATFFAKMLDHEYTTKEIFRKNFFKDWRKEMTNEEKNIITNLSKCDFTQMSQYFKAQTEARKQMSKEEKLKIKEENEKLLKEYGFCIMDNHKERIANFKIEPPGLFRGRGNHPKMGMLKRRIMPEDIIINCSKDAKVPSPPPGHKWKEVRHDNKVTWLVSWTENIQGSIKYIMLNPSSRIKGEKDWQKYETARRLKKCVDKIRNQYREDWKSKEMKVRQRAVALYFIDKLALRAGNEKEEGETADTVGCCSLRVEHINLHPELDGQEYVVEFDFLGKDSIRYYNKVPVEKRVFKNLQLFMENKQPEDDLFDRLNTGILNKHLQDLMEGLTAKVFRTYNASITLQQQLKELTAPDENIPAKILSYNRANRAVAILCNHQRAPPKTFEKSMMNLQTKIDAKKEQLADARRDLKSAKADAKVMKDAKTKKVVESKKKAVQRLEEQLMKLEVQATDREENKQIALGTSKLNYLDPRITVAWCKKWGVPIEKIYNKTQREKFAWAIDMADEDYEF
P15692,MTDRQTDTAPSPSYHLLPGRRRTVDAAASRGQGPEPAPGGGVEGVGARGVALKLFVQLLGCSRFGGAVVRAGEAEPSGAARSASSGREEPQPEEGEEEEEKEEERGPQWRLGARKPGSWTGEAAVCADSAPAARAPQALARASGRGGRVARRGAEESGPPHSPSRRGSASRAGPGRASETMNFLLSWVHWSLALLLYLHHAKWSQAAPMAEGGGQNHHEVVKFMDVYQRSYCHPIETLVDIFQEYPDEIEYIFKPSCVPLMRCGGCCNDEGLECVPTEESNITMQIMRIKPHQGQHIGEMSFLQHNKCECRPKKDRARQEKKSVRGKGKGQKRKRKKSRYKSWSVPCGPCSERRKHLFVQDPQTCKCSCKNTDSRCKARQLELNERTCRCDKPRR
P41221,MKKSIGILSPGVALGMAGSAMSSKFFLVALAIFFSFAQVVIEANSWWSLGMNNPVQMSEVYIIGAQPLCSQLAGLSQGQKKLCHLYQDHMQYIGEGAKTGIKECQYQFRHRRWNCSTVDNTSVFGRVMQIGSRETAFTYAVSAAGVVNAMSRACREGELSTCGCSRAARPKDLPRDWLWGGCGDNIDYGYRFAKEFVDARERERIHAKGSYESARILMNLHNNEAGRRTVYNLADVACKCHGVSGSCSLKTCWLQLADFRKVGDALKEKYDSAAAMRLNSRGKLVQVNSRFNSPTTQDLVYIDPSPDYCVRNESTGSLGTQGRLCNKTSEGMDGCELMCCGRGYDQFKTVQTERCHCKFHWCCYVKCKKCTEIVDQFVCK
P26651,MDLTAIYESLLSLSPDVPVPSDHGGTESSPGWGSSGPWSLSPSDSSPSGVTSRLPGRSTSLVEGRSCGWVPPPPGFAPLAPRLGPELSPSPTSPTATSTTPSRYKTELCRTFSESGRCRYGAKCQFAHGLGELRQANRHPKYKTELCHKFYLQGRCPYGSRCHFIHNPSEDLAAPGHPPVLRQSISFSGLPSGRRTSPPPPGLAGPSLSSSSFSPSSSPPPPGDLPLSPSAFSAAPGTPLARRDPTPVCCPSCRRATPISVWGPLGGLVRTPSVQSLGSDPDEYASSGSSLGGSDSPVFEAGVFAPPQPVAAPRRLPIFNRISVSE
Q05516,MDLTKMGMIQLQNPSHPTGLLCKANQMRLAGTLCDVVIMVDSQEFHAHRTVLACTSKMFEILFHRNSQHYTLDFLSPKTFQQILEYAYTATLQAKAEDLDDLLYAAEILEIEYLEEQCLKMLETIQASDDNDTEATMADGGAEEEEDRKARYLKNIFISKHSSEESGYASVAGQSLPGPMVDQSPSVSTSFGLSAMSPTKAAVDSLMTIGQSLLQGTLQPPAGPEEPTLAGGGRHPGVAEVKTEMMQVDEVPSQDSPGAAESSISGGMGDKVEERGKEGPGTPTRSSVITSARELHYGREESAEQVPPPAEAGQAPTGRPEHPAPPPEKHLGIYSVLPNHKADAVLSMPSSVTSGLHVQPALAVSMDFSTYGGLLPQGFIQRELFSKLGELAVGMKSESRTIGEQCSVCGVELPDNEAVEQHRKLHSGMKTYGCELCGKRFLDSLRLRMHLLAHSAGAKAFVCDQCGAQFSKEDALETHRQTHTGTDMAVFCLLCGKRFQAQSALQQHMEVHAGVRSYICSECNRTFPSHTALKRHLRSHTGDHPYECEFCGSCFRDESTLKSHKRIHTGEKPYECNGCGKKFSLKHQLETHYRVHTGEKPFECKLCHQRSRDYSAMIKHLRTHNGASPYQCTICTEYCPSLSSMQKHMKGHKPEEIPPDWRIEKTYLYLCYV
P51114,MAELTVEVRGSNGAFYKGFIKDVHEDSLTVVFENNWQPERQVPFNEVRLPPPPDIKKEISEGDEVEVYSRANDQEPCGWWLAKVRMMKGEFYVIEYAACDATYNEIVTFERLRPVNQNKTVKKNTFFKCTVDVPEDLREACANENAHKDFKKAVGACRIFYHPETTQLMILSASEATVKRVNILSDMHLRSIRTKLMLMSRNEEATKHLECTKQLAAAFHEEFVVREDLMGLAIGTHGSNIQQARKVPGVTAIELDEDTGTFRIYGESADAVKKARGFLEFVEDFIQVPRNLVGKVIGKNGKVIQEIVDKSGVVRVRIEGDNENKLPREDGMVPFVFVGTKESIGNVQVLLEYHIAYLKEVEQLRMERLQIDEQLRQIGSRSYSGRGRGRRGPNYTSGYGTNSELSNPSETESERKDELSDWSLAGEDDRDSRHQRDSRRRPGGRGRSVSGGRGRGGPRGGKSSISSVLKDPDSNPYSLLDNTESDQTADTDASESHHSTNRRRRSRRRRTDEDAVLMDGMTESDTASVNENGLVTVADYISRAESQSRQRNLPRETLAKNKKEMAKDVIEEHGPSEKAINGPTSASGDDISKLQRTPGEEKINTLKEENTQEAAVLNGVS
Q92804,MSDSGSYGQSGGEQQSYSTYGNPGSQGYGQASQSYSGYGQTTDSSYGQNYSGYSSYGQSQSGYSQSYGGYENQKQSSYSQQPYNNQGQQQNMESSGSQGGRAPSYDQPDYGQQDSYDQQSGYDQHQGSYDEQSNYDQQHDSYSQNQQSYHSQRENYSHHTQDDRRDVSRYGEDNRGYGGSQGGGRGRGGYDKDGRGPMTGSSGGDRGGFKNFGGHRDYGPRTDADSESDNSDNNTIFVQGLGEGVSTDQVGEFFKQIGIIKTNKKTGKPMINLYTDKDTGKPKGEATVSFDDPPSAKAAIDWFDGKEFHGNIIKVSFATRRPEFMRGGGSGGGRRGRGGYRGRGGFQGRGGDPKSGDWVCPNPSCGNMNFARRNSCNQCNEPRPEDSRPSGGDFRGRGYGGERGYRGRGGRGGDRGGYGGDRSGGGYGGDRSSGGGYSGDRSGGGYGGDRSGGGYGGDRGGGYGGDRGGGYGGDRGGGYGGDRGGYGGDRGGGYGGDRGGYGGDRGGYGGDRGGYGGDRGGYGGDRSRGGYGGDRGGGSGYGGDRSGGYGGDRSGGGYGGDRGGGYGGDRGGYGGKMGGRNDYRNDQRNRPY
O14786,MERGLPLLCAVLALVLAPAGAFRNDKCGDTIKIESPGYLTSPGYPHSYHPSEKCEWLIQAPDPYQRIMINFNPHFDLEDRDCKYDYVEVFDGENENGHFRGKFCGKIAPPPVVSSGPFLFIKFVSDYETHGAGFSIRYEIFKRGPECSQNYTTPSGVIKSPGFPEKYPNSLECTYIVFVPKMSEIILEFESFDLEPDSNPPGGMFCRYDRLEIWDGFPDVGPHIGRYCGQKTPGRIRSSSGILSMVFYTDSAIAKEGFSANYSVLQSSVSEDFKCMEALGMESGEIHSDQITASSQYSTNWSAERSRLNYPENGWTPGEDSYREWIQVDLGLLRFVTAVGTQGAISKETKKKYYVKTYKIDVSSNGEDWITIKEGNKPVLFQGNTNPTDVVVAVFPKPLITRFVRIKPATWETGISMRFEVYGCKITDYPCSGMLGMVSGLISDSQITSSNQGDRNWMPENIRLVTSRSGWALPPAPHSYINEWLQIDLGEEKIVRGIIIQGGKHRENKVFMRKFKIGYSNNGSDWKMIMDDSKRKAKSFEGNNNYDTPELRTFPALSTRFIRIYPERATHGGLGLRMELLGCEVEAPTAGPTTPNGNLVDECDDDQANCHSGTGDDFQLTGGTTVLATEKPTVIDSTIQSEFPTYGFNCEFGWGSHKTFCHWEHDNHVQLKWSVLTSKTGPIQDHTGDGNFIYSQADENQKGKVARLVSPVVYSQNSAHCMTFWYHMSGSHVGTLRVKLRYQKPEEYDQLVWMAIGHQGDHWKEGRVLLHKSLKLYQVIFEGEIGKGNLGGIAVDDISINNHISQEDCAKPADLDKKNPEIKIDETGSTPGYEGEGEGDKNISRKPGNVLKTLDPILITIIAMSALGVLLGAVCGVVLYCACWHNGMSERNLSALENYNFELVDGVKLKKDKLNTQSTYSEA
O14543,MVTHSKFPAAGMSRPLDTSLRLKTFSSKSEYQLVVNAVRKLQESGFYWSAVTGGEANLLLSAEPAGTFLIRDSSDQRHFFTLSVKTQSGTKNLRIQCEGGSFSLQSDPRSTQPVPRFDCVLKLVHHYMPPPGAPSFPSPPTEPSSEVPEQPSAQPLPGSPPRRAYYIYSGGEKIPLVLSRPLSSNVATLQHLCRKTVNGHLDSYEKVTQLPGPIREFLDQYDAPL
Q96PU8,MVGEMETKEKPKPTPDYLMQLMNDKKLMSSLPNFCGIFNHLERLLDEEISRVRKDMYNDTLNGSTEKRSAELPDAVGPIVQLQEKLYVPVKEYPDFNFVGRILGPRGLTAKQLEAETGCKIMVRGKGSMRDKKKEEQNRGKPNWEHLNEDLHVLITVEDAQNRAEIKLKRAVEEVKKLLVPAAEGEDSLKKMQLMELAILNGTYRDANIKSPALAFSLAATAQAAPRIITGPAPVLPPAALRTPTPAGPTIMPLIRQIQTAVMPNGTPHPTAAIVPPGPEAGLIYTPYEYPYTLAPATSILEYPIEPSGVLGAVATKVRRHDMRVHPYQRIVTADRAATGN
P51116,MGGLASGGDVEPGLPVEVRGSNGAFYKGFVKDVHEDSVTIFFENNWQSERQIPFGDVRLPPPADYNKEITEGDEVEVYSRANEQEPCGWWLARVRMMKGDFYVIEYAACDATYNEIVTLERLRPVNPNPLATKGSFFKVTMAVPEDLREACSNENVHKEFKKALGANCIFLNITNSELFILSTTEAPVKRASLLGDMHFRSLRTKLLLMSRNEEATKHLETSKQLAAAFQEEFTVREDLMGLAIGTHGANIQQARKVPGVTAIELGEETCTFRIYGETPEACRQARSYLEFSEDSVQVPRNLVGKVIGKNGKVIQEIVDKSGVVRVRVEGDNDKKNPREEGMVPFIFVGTRENISNAQALLEYHLSYLQEVEQLRLERLQIDEQLRQIGLGFRPPGSGRGSGGSDKAGYSTDESSSSSLHATRTYGGSYGGRGRGRRTGGPAYGPSSDVSTASETESEKREEPNRAGPGDRDPPTRGEESRRRPTGGRGRGPPPAPRPTSRYNSSSISSVLKDPDSNPYSLLDTSEPEPPVDSEPGEPPPASARRRRSRRRRTDEDRTVMDGGLESDGPNMTENGLEDESRPQRRNRSRRRRNRGNRTDGSISGDRQPVTVADYISRAESQSRQRPPLERTKPSEDSLSGQKGDSVSKLPKGPSENGELSAPLELGSMVNGVS
P38919,MATTATMATSGSARKRLLKEEDMTKVEFETSEEVDVTPTFDTMGLREDLLRGIYAYGFEKPSAIQQRAIKQIIKGRDVIAQSQSGTGKTATFSISVLQCLDIQVRETQALILAPTRELAVQIQKGLLALGDYMNVQCHACIGGTNVGEDIRKLDYGQHVVAGTPGRVFDMIRRRSLRTRAIKMLVLDEADEMLNKGFKEQIYDVYRYLPPATQVVLISATLPHEILEMTNKFMTDPIRILVKRDELTLEGIKQFFVAVEREEWKFDTLCDLYDTLTITQAVIFCNTKRKVDWLTEKMREANFTVSSMHGDMPQKERESIMKEFRSGASRVLISTDVWARGLDVPQVSLIINYDLPNNRELYIHRIGRSGRYGRKGVAINFVKNDDIRILRDIEQYYSTQIDEMPMNVADLI
Q9UHV7,MSASFVPNGASLEDCHCNLFCLADLTGIKWKKYVWQGPTSAPILFPVTEEDPILSSFSRCLKADVLGVWRRDQRPGRRELWIFWWGEDPSFADLIHHDLSEEEDGVWENGLSYECRTLLFKAVHNLLERCLMNRNFVRIGKWFVKPYEKDEKPINKSEHLSCSFTFFLHGDSNVCTSVEINQHQPVYLLSEEHITLAQQSNSPFQVILCPFGLNGTLTGQAFKMSDSATKKLIGEWKQFYPISCCLKEMSEEKQEDMDWEDDSLAAVEVLVAGVRMIYPACFVLVPQSDIPTPSPVGSTHCSSSCLGVHQVPASTRDPAMSSVTLTPPTSPEEVQTVDPQSVQKWVKFSSVSDGFNSDSTSHHGGKIPRKLANHVVDRVWQECNMNRAQNKRKYSASSGGLCEEATAAKVASWDFVEATQRTNCSCLRHKNLKSRNAGQQGQAPSLGQQQQILPKHKTNEKQEKSEKPQKRPLTPFHHRVSVSDDVGMDADSASQRLVISAPDSQVRFSNIRTNDVAKTPQMHGTEMANSPQPPPLSPHPCDVVDEGVTKTPSTPQSQHFYQMPTPDPLVPSKPMEDRIDSLSQSFPPQYQEAVEPTVYVGTAVNLEEDEANIAWKYYKFPKKKDVEFLPPQLPSDKFKDDPVGPFGQESVTSVTELMVQCKKPLKVSDELVQQYQIKNQCLSAIASDAEQEPKIDPYAFVEGDEEFLFPDKKDRQNSEREAGKKHKVEDGTSSVTVLSHEEDAMSLFSPSIKQDAPRPTSHARPPSTSLIYDSDLAVSYTDLDNLFNSDEDELTPGSKKSANGSDDKASCKESKTGNLDPLSCISTADLHKMYPTPPSLEQHIMGFSPMNMNNKEYGSMDTTPGGTVLEGNSSSIGAQFKIEVDEGFCSPKPSEIKDFSYVYKPENCQILVGCSMFAPLKTLPSQYLPPIKLPEECIYRQSWTVGKLELLSSGPSMPFIKEGDGSNMDQEYGTAYTPQTHTSFGMPPSSAPPSNSGAGILPSPSTPRFPTPRTPRTPRTPRGAGGPASAQGSVKYENSDLYSPASTPSTCRPLNSVEPATVPSIPEAHSLYVNLILSESVMNLFKDCNFDSCCICVCNMNIKGADVGVYIPDPTQEAQYRCTCGFSAVMNRKFGNNSGLFLEDELDIIGRNTDCGKEAEKRFEALRATSAEHVNGGLKESEKLSDDLILLLQDQCTNLFSPFGAADQDPFPKSGVISNWVRVEERDCCNDCYLALEHGRQFMDNMSGGKVDEALVKSSCLHPWSKRNDVSMQCSQDILRMLLSLQPVLQDAIQKKRTVRPWGVQGPLTWQQFHKMAGRGSYGTDESPEPLPIPTFLLGYDYDYLVLSPFALPYWERLMLEPYGSQRDIAYVVLCPENEALLNGAKSFFRDLTAIYESCRLGQHRPVSRLLTDGIMRVGSTASKKLSEKLVAEWFSQAADGNNEAFSKLKLYAQVCRYDLGPYLASLPLDSSLLSQPNLVAPTSQSLITPPQMTNTGNANTPSATLASAASSTMTVTSGVAISTSVATANSTLTTASTSSSSSSNLNSGVSSNKLPSFPPFGSMNSNAAGSMSTQANTVQSGQLGGQQTSALQTAGISGESSSLPTQPHPDVSESTMDRDKVGIPTDGDSHAVTYPPAIVVYIIDPFTYENTDESTNSSSVWTLGLLRCFLEMVQTLPPHIKSTVSVQIIPCQYLLQPVKHEDREIYPQHLKSLAFSAFTQCRRPLPTSTNVKTLTGFGPGLAMETALRSPDRPECIRLYAPPFILAPVKDKQTELGETFGEAGQKYNVLFVGYCLSHDQRWILASCTDLYGELLETCIINIDVPNRARRKKSSARKFGLQKLWEWCLGLVQMSSLPWRVVIGRLGRIGHGELKDWSCLLSRRNLQSLSKRLKDMCRMCGISAADSPSILSACLVAMEPQGSFVIMPDSVSTGSVFGRSTTLNMQTSQLNTPQDTSCTHILVFPTSASVQVASATYTTENLDLAFNPNNDGADGMGIFDLLDTGDDLDPDIINILPASPTGSPVHSPGSHYPHGGDAGKGQSTDRLLSTEPHEEVPNILQQPLALGYFVSTAKAGPLPDWFWSACPQAQYQCPLFLKASLHLHVPSVQSDELLHSKHSHPLDSNQTSDVLRFVLEQYNALSWLTCDPATQDRRSCLPIHFVVLNQLYNFIMNML
Q9NZI8,MNKLYIGNLNESVTPADLEKVFAEHKISYSGQFLVKSGYAFVDCPDEHWAMKAIETFSGKVELQGKRLEIEHSVPKKQRSRKIQIRNIPPQLRWEVLDSLLAQYGTVENCEQVNTESETAVVNVTYSNREQTRQAIMKLNGHQLENHALKVSYIPDEQIAQGPENGRRGGFGSRGQPRQGSPVAAGAPAKQQQVDIPLRLLVPTQYVGAIIGKEGATIRNITKQTQSKIDVHRKENAGAAEKAISVHSTPEGCSSACKMILEIMHKEAKDTKTADEVPLKILAHNNFVGRLIGKEGRNLKKVEQDTETKITISSLQDLTLYNPERTITVKGAIENCCRAEQEIMKKVREAYENDVAAMSLQSHLIPGLNLAAVGLFPASSSAVPPPPSSVTGAAPYSSFMQAPEQEMVQVFIPAQAVGAIIGKKGQHIKQLSRFASASIKIAPPETPDSKVRMVIITGPPEAQFKAQGRIYGKLKEENFFGPKEEVKLETHIRVPASAAGRVIGKGGKTVNELQNLTAAEVVVPRDQTPDENDQVIVKIIGHFYASQMAQRKIRDILAQVKQQHQKGQSNQAQARRK
O00425,MNKLYIGNLSENAAPSDLESIFKDAKIPVSGPFLVKTGYAFVDCPDESWALKAIEALSGKIELHGKPIEVEHSVPKRQRIRKLQIRNIPPHLQWEVLDSLLVQYGVVESCEQVNTDSETAVVNVTYSSKDQARQALDKLNGFQLENFTLKVAYIPDEMAAQQNPLQQPRGRRGLGQRGSSRQGSPGSVSKQKPCDLPLRLLVPTQFVGAIIGKEGATIRNITKQTQSKIDVHRKENAGAAEKSITILSTPEGTSAACKSILEIMHKEAQDIKFTEEIPLKILAHNNFVGRLIGKEGRNLKKIEQDTDTKITISPLQELTLYNPERTITVKGNVETCAKAEEEIMKKIRESYENDIASMNLQAHLIPGLNLNALGLFPPTSGMPPPTSGPPSAMTPPYPQFEQSETETVHLFIPALSVGAIIGKQGQHIKQLSRFAGASIKIAPAEAPDAKVRMVIITGPPEAQFKAQGRIYGKIKEENFVSPKEEVKLEAHIRVPSFAAGRVIGKGGKTVNELQNLSSAEVVVPRDQTPDENDQVVVKITGHFYACQVAQRKIQEILTQVKQHQQQKALQSGPPQSRRK
Q9Y6M1,MMNKLYIGNLSPAVTADDLRQLFGDRKLPLAGQVLLKSGYAFVDYPDQNWAIRAIETLSGKVELHGKIMEVDYSVSKKLRSRKIQIRNIPPHLQWEVLDGLLAQYGTVENVEQVNTDTETAVVNVTYATREEAKIAMEKLSGHQFENYSFKISYIPDEEVSSPSPPQRAQRGDHSSREQGHAPGGTSQARQIDFPLRILVPTQFVGAIIGKEGLTIKNITKQTQSRVDIHRKENSGAAEKPVTIHATPEGTSEACRMILEIMQKEADETKLAEEIPLKILAHNGLVGRLIGKEGRNLKKIEHETGTKITISSLQDLSIYNPERTITVKGTVEACASAEIEIMKKLREAFENDMLAVNQQANLIPGLNLSALGIFSTGLSVLSPPAGPRGAPPAAPYHPFTTHSGYFSSLYPHHQFGPFPHHHSYPEQEIVNLFIPTQAVGAIIGKKGAHIKQLARFAGASIKIAPAEGPDVSERMVIITGPPEAQFKAQGRIFGKLKEENFFNPKEEVKLEAHIRVPSSTAGRVIGKGGKTVNELQNLTSAEVIVPRDQTPDENEEVIVRIIGHFFASQTAQRKIREIVQQVKQQEQKYPQGVASQRSK
Q13185,MASNKTTLQKMGKKQNGKSKKVEEAEPEEFVVEKVLDRRVVNGKVEYFLKWKGFTDADNTWEPEENLDCPELIEAFLNSQKAGKEKDGTKRKSLSDSESDDSKSKKKRDAADKPRGFARGLDPERIIGATDSSGELMFLMKWKDSDEADLVLAKEANMKCPQIVIAFYEERLTWHSCPEDEAQ
P26368,MSDFDEFERQLNENKQERDKENRHRKRSHSRSRSRDRKRRSRSRDRRNRDQRSASRDRRRRSKPLTRGAKEEHGGLIRSPRHEKKKKVRKYWDVPPPGFEHITPMQYKAMQAAGQIPATALLPTMTPDGLAVTPTPVPVVGSQMTRQARRLYVGNIPFGITEEAMMDFFNAQMRLGGLTQAPGNPVLAVQINQDKNFAFLEFRSVDETTQAMAFDGIIFQGQSLKIRRPHDYQPLPGMSENPSVYVPGVVSTVVPDSAHKLFIGGLPNYLNDDQVKELLTSFGPLKAFNLVKDSATGLSKGYAFCEYVDINVTDQAIAGLNGMQLGDKKLLVQRASVGAKNATLVSPPSTINQTPVTLQVPGLMSSQVQMGGHPTEVLCLMNMVLPEELLDDEEYEEIVEDVRDECSKYGLVKSIEIPRPVDGVEVPGCGKIFVEFTSVFDCQKAMQGLTGRKFANRVVVTKYCDPDSYHRRDFW
Q60668,MSEEQFGGDGAAAAATAAVGGSAGEQEGAMVAAAAQGPAAAAGSGSGGGGSAAGGTEGGSAEAEGAKIDASKNEEDEGHSNSSPRHTEAAAAQREEWKMFIGGLSWDTTKKDLKDYFSKFGEVVDCTLKLDPITGRSRGFGFVLFKESESVDKVMDQKEHKLNGKVIDPKRAKAMKTKEPVKKIFVGGLSPDTPEEKIREYFGGFGEVESIELPMDNKTNKRRGFCFITFKEEEPVKKIMEKKYHNVGLSKCEIKVAMSKEQYQQQQQWGSRGGFAGRARGRGGGPSQNWNQGYSNYWNQGYGNYGYNSQGYGGYGGYDYTGYNNYYGYGDYSNQQSGYGKVSRRGGHQNSYKPY
P43241,MYVSYLLDKDVSMYPSSVRHSGGLNLAPQNFVSPPQYPDYGGYHVAAAAAATANLDSAQSPGPSWPTAYGAPLREDWNGYAPGGAAAANAVAHGLNGGSPAAAMGYSSPAEYHAHHHPHHHPHHPAASPSCASGLLQTLNLGPPGPAATAAAEQLSPSGQRRNLCEWMRKPAQQSLGSQVKTRTKDKYRVVYTDHQRLELEKEFHFSRYITIRRKSELAATLGLSERQVKIWFQNRRAKERKIKKKQQQQQQQQQQQPPQPPPQPSQPQPGALRSVPEPLSPVTSLQGSVPGSVPGVLGPAGGVLNSTVTQ
P60824,MASDEGKLFVGGLSFDTNEQALEQVFSKYGQISEVVVVKDRETQRSRGFGFVTFENIDDAKDAMMAMNGKSVDGRQIRVDQAGKSSDNRSRGYRGGSAGGRGFFRGGRSRGRGFSRGGGDRGYGGGRFESRSGGYGGSRDYYASRSQGGSYGYRSSGGSYRDSYDSYATHNE
P28659,MNGTLDHPDQPDLDAIKMFVGQVPRTWSEKDLRELFEQYGAVYEINILRDRSQNPPQSKGCCFVTFYTRKAALEAQNALHNMKVLPGMHHPIQMKPADSEKNNAVEDRKLFIGMISKKCTENDIRVMFSSFGQIEECRILRGPDGLSRGCAFVTFTTRTMAQTAIKAMHQAQTMEGCSSPMVVKFADTQKDKEQKRMAQQLQQQMQQISAASVWGNLAGLNTLGPQYLALYLQLLQQTASSGNLNTLSSLHPMGGLNAMQLQNLAALAAAASAAQNTPSGTNALTTSSSPLSVLTSSGSSPSSSSSNSVNPIASLGALQTLAGATAGLNVGSLAGMAALNGGLGSSGLSNGTGSTMEALTQAYSGIQQYAAAALPTLYNQNLLTQQSIGAAGSQKEGPEGANLFIYHLPQEFGDQDLLQMFMPFGNVVSAKVFIDKQTNLSKCFGFVSYDNPVSAQAAIQSMNGFQIGMKRLKVQLKRSKNDSKPY
P52795,MARPGQRWLSKWLVAMVVLTLCRLATPLAKNLEPVSWSSLNPKFLSGKGLVIYPKIGDKLDIICPRAEAGRPYEYYKLYLVRPEQAAACSTVLDPNVLVTCNKPHQEIRFTIKFQEFSPNYMGLEFKKYHDYYITSTSNGSLEGLENREGGVCRTRTMKIVMKVGQDPNAVTPEQLTTSRPSKESDNTVKTATQAPGRGSQGDSDGKHETVNQEEKSGPGAGGGGSGDSDSFFNSKVALFAAVGAGCVIFLLIIIFLTVLLLKLRKRHRKHTQQRAAALSLSTLASPKGGSGTAGTEPSDIIIPLRTTENNYCPHYEKVSGDYGHPVYIVQEMPPQSPANIYYKV
Q9Z0H4,MRCPKSAVTMRNEELLLSNGTANKMNGALDHSDQPDPDAIKMFVGQIPRSWSEKELKELFEPYGAVYQINVLRDRSQNPPQSKGCCFVTFYTRKAALEAQNALHNIKTLPGMHHPIQMKPADSEKSNAVEDRKLFIGMVSKKCNENDIRVMFSPFGQIEECRILRGPDGLSRGCAFVTFSTRAMAQNAIKAMHQSQTMEGCSSPIVVKFADTQKDKEQRRLQQQLAQQMQQLNTATWGNLTGLGGLTPQYLALLQQATSSSNLGAFSGIQQMAGMNALQLQNLATLAAAAAAAQTSATSTNANPLSSTSSALGALTSPVAASTPNSTAGAAMNSLTSLGTLQGLAGATVGLNNINALAGMAALNGGLGATGLTNGTAGTMDALTQAYSGIQQYAAAALPTLYSQSLLQQQSAAGSQKEGPEGANLFIYHLPQEFGDQDILQMFMPFGNVISAKVFIDKQTNLSKCFGFVSYDNPVSAQAAIQAMNGFQIGMKRLKVQLKRSKNDSKPY
Q61188,MGQTGKKSEKGPVCWRKRVKSEYMRLRQLKRFRRADEVKTMFSSNRQKILERTETLNQEWKQRRIQPVHIMTSVSSLRGTRECSVTSDLDFPAQVIPLKTLNAVASVPIMYSWSPLQQNFMVEDETVLHNIPYMGDEVLDQDGTFIEELIKNYDGKVHGDRECGFINDEIFVELVNALGQYNDDDDDDDGDDPDEREEKQKDLEDNRDDKETCPPRKFPADKIFEAISSMFPDKGTAEELKEKYKELTEQQLPGALPPECTPNIDGPNAKSVQREQSLHSFHTLFCRRCFKYDCFLHPFHATPNTYKRKNTETALDNKPCGPQCYQHLEGAKEFAAALTAERIKTPPKRPGGRRRGRLPNNSSRPSTPTISVLESKDTDSDREAGTETGGENNDKEEEEKKDETSSSSEANSRCQTPIKMKPNIEPPENVEWSGAEASMFRVLIGTYYDNFCAIARLIGTKTCRQVYEFRVKESSIIAPVPTEDVDTPPRKKKRKHRLWAAHCRKIQLKKDGSSNHVYNYQPCDHPRQPCDSSCPCVIAQNFCEKFCQCSSECQNRFPGCRCKAQCNTKQCPCYLAVRECDPDLCLTCGAADHWDSKNVSCKNCSIQRGSKKHLLLAPSDVAGWGIFIKDPVQKNEFISEYCGEIISQDEADRRGKVYDKYMCSFLFNLNNDFVVDATRKGNKIRFANHSVNPNCYAKVMMVNGDHRIGIFAKRAIQTGEELFFDYRYSQADALKYVGIEREMEIP
P61979,METEQPEETFPNTETNGEFGKRPAEDMEEEQAFKRSRNTDEMVELRILLQSKNAGAVIGKGGKNIKALRTDYNASVSVPDSSGPERILSISADIETIGEILKKIIPTLEEGLQLPSPTATSQLPLESDAVECLNYQHYKGSDFDCELRLLIHQSLAGGIIGVKGAKIKELRENTQTTIKLFQECCPHSTDRVVLIGGKPDRVVECIKIILDLISESPIKGRAQPYDPNFYDETYDYGGFTMMFDDRRGRPVGFPMRGRGGFDRMPPGRGGRPMPPSRRDYDDMSPRRGPPPPPPGRGGRGGSRARNLPLPPPPPPRGGDLMAYDRRGRPGDRYDGMVGFSADETWDSAIDTWSPSEWQMAYEPQGGSGYDYSYAGGRGSYGDLGGPIITTQVTIPKDLAGSIIGKGGQRIKQIRHESGASIKIDEPLEGSEDRIITITGTQDQIQNAQYLLQNSVKQYSGKFF
Q60751,MKSGSGGGSPTSLWGLVFLSAALSLWPTSGEICGPGIDIRNDYQQLKRLENCTVIEGFLHILLISKAEDYRSYRFPKLTVITEYLLLFRVAGLESLGDLFPNLTVIRGWKLFYNYALVIFEMTNLKDIGLYNLRNITRGAIRIEKNADLCYLSTIDWSLILDAVSNNYIVGNKPPKECGDLCPGTLEEKPMCEKTTINNEYNYRCWTTNRCQKMCPSVCGKRACTENNECCHPECLGSCHTPDDNTTCVACRHYYYKGVCVPACPPGTYRFEGWRCVDRDFCANIPNAESSDSDGFVIHDDECMQECPSGFIRNSTQSMYCIPCEGPCPKVCGDEEKKTKTIDSVTSAQMLQGCTILKGNLLINIRRGNNIASELENFMGLIEVVTGYVKIRHSHALVSLSFLKNLRLILGEEQLEGNYSFYVLDNQNLQQLWDWNHRNLTVRSGKMYFAFNPKLCVSEIYRMEEVTGTKGRQSKGDINTRNNGERASCESDVLRFTSTTTWKNRIIITWHRYRPPDYRDLISFTVYYKEAPFKNVTEYDGQDACGSNSWNMVDVDLPPNKEGEPGILLHGLKPWTQYAVYVKAVTLTMVENDHIRGAKSEILYIRTNASVPSIPLDVLSASNSSSQLIVKWNPPTLPNGNLSYYIVRWQRQPQDGYLYRHNYCSKDKIPIRKYADGTIDVEEVTENPKTEVCGGDKGPCCACPKTEAEKQAEKEEAEYRKVFENFLHNSIFVPRPERRRRDVMQVANTTMSSRSRNTTVADTYNITDPEEFETEYPFFESRVDNKERTVISNLRPFTLYRIDIHSCNHEAEKLGCSASNFVFARTMPAEGADDIPGPVTWEPRPENSIFLKWPEPENPNGLILMYEIKYGSQVEDQRECVSRQEYRKYGGAKLNRLNPGNYTARIQATSLSGNGSWTDPVFFYVPAKTTYENFMHLIIALPVAILLIVGGLVIMLYVFHRKRNNSRLGNGVLYASVNPEYFSAADVYVPDEWEVAREKITMNRELGQGSFGMVYEGVAKGVVKDEPETRVAIKTVNEAASMRERIEFLNEASVMKEFNCHHVVRLLGVVSQGQPTLVIMELMTRGDLKSYLRSLRPEVEQNNLVLIPPSLSKMIQMAGEIADGMAYLNANKFVHRDLAARNCMVAEDFTVKIGDFGMTRDIYETDYYRKGGKGLLPVRWMSPESLKDGVFTTHSDVWSFGVVLWEIATLAEQPYQGLSNEQVLRFVMEGGLLDKPDNCPDMLFELMRMCWQYNPKMRPSFLEIIGSIKDEMEPSFQEVSFYYSEENKPPEPEELEMELEMEPENMESVPLDPSASSASLPLPERHSGHKAENGPGPGVLVLRASFDERQPYAHMNGGRANERALPLPQSSTC
P18893,MPGSALLCCLLLLTGMRISRGQYSREDNNCTHFPVGQSHMLLELRTAFSQVKTFFQTKDQLDNILLTDSLMQDFKGYLGCQALSEMIQFYLVEVMPQAEKHGPEIKEHLNSLGEKLKTLRMRLRRCHRFLPCENKSKAVEQVKSDFNKLQDQGVYKAMNEFDIFINCIEAYMMIKMKS
O89086,MSSEEGKLFVGGLNFNTDEQALEDHFSSFGPISEVVVVKDRETQRSRGFGFITFTNPEHASDAMRAMNGESLDGRQIRVDHAGKSARGSRGGAFGGRGRSYSRGGGDQGYGSGRYDSRPGGYGYGYGRSRDYSGSQGGYDRYSGGNYRDNYDN
Q62093,MSYGRPPPDVEGMTSLKVDNLTYRTSPDTLRRVFEKYGRVGDVYIPRDRYTKESRGFAFVRFHDKRDAEDAMDAMDGAVLDGRELRVQMARYGRPPDSHHSRRGPPPRRYGGGGYGRRSRSPRRRRRSRSRSRSRSRSRSRSRYSRSKSRSRTRSRSRSTSKSRSARRSKSKSSSVSRSRSRSRSRSRSRSPPPVSKRESKSRSRSKSPPKSPEEEGAVSS
P48432,MYNMMETELKPPGPQQASGGGGGGGNATAAATGGNQKNSPDRVKRPMNAFMVWSRGQRRKMAQENPKMHNSEISKRLGAEWKLLSETEKRPFIDEAKRLRALHMKEHPDYKYRPRRKTKTLMKKDKYTLPGGLLAPGGNSMASGVGVGAGLGGGLNQRMDSYAHMNGWSNGSYSMMQEQLGYPQHPGLNAHGAAQMQPMHRYVVSALQYNSMTSSQTYMNGSPTYSMSYSQQGTPGMALGSMGSVVKSEASSSPPVVTSSSHSRAPCQAGDLRDMISMYLPGAEVPEPAAPSRLHMAQHYQSGPVPGTAKYGTLPLSHM
Q9WTN3,MDELAFGEAALEQTLAEMCELDTAVLNDIEDMLQLINNQDSDFPGLFDAPYAGGETGDTGPSSPGANSPESFSSASLASSLEAFLGGPKVTPAPLSPPPSAPAALKMYPSVSPFSPGPGIKEEPVPLTILQPAAPQPSPGTLLPPSFPAPPVQLSPAPVLGYSSLPSGFSGTLPGNTQQPPSSLPLAPAPGVLPTPALHTQVQSLASQQPLPASAAPRTNTVTSQVQQVPVVLQPHFIKADSLLLTAVKTDAGATVKTAGISTLAPGTAVQAGPLQTLVSGGTILATVPLVVDTDKLPIHRLAAGSKALGSAQSRGEKRTAHNAIEKRYRSSINDKIVELKDLVVGTEAKLNKSAVLRKAIDYIRFLQHSNQKLKQENLTLRSAHKSKSLKDLVSACGSGGGTDVSMEGMKPEVVETLTPPPSDAGSPSQSSPLSFGSRASSSGGSDSEPDSPAFEDSQVKAQRLPSHSRGMLDRSRLALCVLAFLCLTCNPLASLFGWGILTPSDATGTHRSSGRSMLEAESRDGSNWTQWLLPPLVWLANGLLVLACLALLFVYGEPVTRPHSGPAVHFWRHRKQADLDLARGDFPQAAQQLWLALQALGRPLPTSNLDLACSLLWNLIRHLLQRLWVGRWLAGQAGGLLRDRGLRKDARASARDAAVVYHKLHQLHAMGKYTGGHLAASNLALSALNLAECAGDAISMATLAEIYVAAALRVKTSLPRALHFLTRFFLSSARQACLAQSGSVPLAMQWLCHPVGHRFFVDGDWAVHGAPPESLYSVAGNPVDPLAQVTRLFREHLLERALNCIAQPSPGAADGDREFSDALGYLQLLNSCSDAAGAPACSFSVSSSMAATTGPDPVAKWWASLTAVVIHWLRRDEEAAERLYPLVEHIPQVLQDTERPLPRAALYSFKAARALLDHRKVESSPASLAICEKASGYLRDSLASTPTGSSIDKAMQLLLCDLLLVARTSLWQRQQSPASVQVAHGTSNGPQASALELRGFQHDLSSLRRLAQSFRPAMRRVFLHEATARLMAGASPARTHQLLDRSLRRRAGSSGKGGTTAELEPRPTWREHTEALLLASCYLPPAFLSAPGQRMSMLAEAARTVEKLGDHRLLLDCQQMLLRLGGGTTVTSS
P42230,MAGWIQAQQLQGDALRQMQVLYGQHFPIEVRHYLAQWIESQPWDAIDLDNPQDRGQATQLLEGLVQELQKKAEHQVGEDGFLLKIKLGHYATQLQNTYDRCPMELVRCIRHILYNEQRLVREANNCSSPAGVLVDAMSQKHLQINQRFEELRLITQDTENELKKLQQTQEYFIIQYQESLRIQAQFAQLGQLNPQERMSRETALQQKQVSLETWLQREAQTLQQYRVELAEKHQKTLQLLRKQQTIILDDELIQWKRRQQLAGNGGPPEGSLDVLQSWCEKLAEIIWQNRQQIRRAEHLCQQLPIPGPVEEMLAEVNATITDIISALVTSTFIIEKQPPQVLKTQTKFAATVRLLVGGKLNVHMNPPQVKATIISEQQAKSLLKNENTRNECSGEILNNCCVMEYHQATGTLSAHFRNMSLKRIKRADRRGAESVTEEKFTVLFESQFSVGSNELVFQVKTLSLPVVVIVHGSQDHNATATVLWDNAFAEPGRVPFAVPDKVLWPQLCEALNMKFKAEVQSNRGLTKENLVFLAQKLFNISSNHLEDYNSMSVSWSQFNRENLPGWNYTFWQWFDGVMEVLKKHHKPHWNDGAILGFVNKQQAHDLLINKPDGTFLLRFSDSEIGGITIAWKFDSPDRNLWNLKPFTTRDFSIRSLADRLGDLNYLIYVFPDRPKDEVFAKYYTPVLAKAVDGYVKPQIKQVVPEFVNASTDAGASATYMDQAPSPVVCPQPHYNMYPPNPDPVLDQDGEFDLDESMDVARHVEELLRRPMDSLDARLSPPAGLFTSARSSLS
P70318,MMEDDGQPRTLYVGNLSRDVTEVLILQLFSQIGPCKSCKMITEQPDSRRVNSSVGFSVLQHTSNDPYCFVEFYEHRDAAAALAAMNGRKILGKEVKVNWATTPSSQKKDTSNHFHVFVGDLSPEITTEDIKSAFAPFGKISDARVVKDMATGKSKGYGFVSFYNKLDAENAIVHMGGQWLGGRQIRTNWATRKPPAPKSTQETNTKQLRFEDVVNQSSPKNCTVYCGGIASGLTDQLMRQTFSPFGQIMEIRVFPEKGYSFVRFSTHESAAHAIVSVNGTTIEGHVVKCYWGKESPDMTKNFQQVDYSQWGQWSQVYGNPQQYGQYMANGWQVPPYGVYGQPWNQQGFGVDQSPSAAWMGGFGAQPPQGQAPPPVIPPPNQAGYGMASFPTQ
P22893,MDLSAIYESLQSMSHDLSSDHGGTESLGGLWNINSDSIPSGVTSRLTGRSTSLVEGRSCGWVPPPPGFAPLAPRPGPELSPSPTSPTATPTTSSRYKTELCRTYSESGRCRYGAKCQFAHGLGELRQANRHPKYKTELCHKFYLQGRCPYGSRCHFIHNPTEDLALPGQPHVLRQSISFSGLPSGRRSSPPPPGFSGPSLSSCSFSPSSSPPPPGDLPLSPSAFSAAPGTPVTRRDPNQACCPSCRRSTTPSTIWGPLGGLARSPSAHSLGSDPDDYASSGSSLGGSDSPVFEAGVFGPPQTPAPPRRLPIFNRISVSE
Q9UGR2,MERQKRKADIEKGLQFIQSTLPLKQEEYEAFLLKLVQNLFAEGNDLFREKDYKQALVQYMEGLNVADYAASDQVALPRELLCKLHVNRAACYFTMGLYEKALEDSEKALGLDSESIRALFRKARALNELGRHKEAYECSSRCSLALPHDESVTQLGQELAQKLGLRVRKAYKRPQELETFSLLSNGTAAGVADQGTSNGLGSIDDIETDCYVDPRGSPALLPSTPTMPLFPHVLDLLAPLDSSRTLPSTDSLDDFSDGDVFGPELDTLLDSLSLVQGGLSGSGVPSELPQLIPVFPGGTPLLPPVVGGSIPVSSPLPPASFGLVMDPSKKLAASVLDALDPPGPTLDPLDLLPYSETRLDALDSFGSTRGSLDKPDSFMEETNSQDHRPPSGAQKPAPSPEPCMPNTALLIKNPLAATHEFKQACQLCYPKTGPRAGDYTYREGLEHKCKRDILLGRLRSSEDQTWKRIRPRPTKTSFVGSYYLCKDMINKQDCKYGDNCTFAYHQEEIDVWTEERKGTLNRDLLFDPLGGVKRGSLTIAKLLKEHQGIFTFLCEICFDSKPRIISKGTKDSPSVCSNLAAKHSFYNNKCLVHIVRSTSLKYSKIRQFQEHFQFDVCRHEVRYGCLREDSCHFAHSFIELKVWLLQQYSGMTHEDIVQESKKYWQQMEAHAGKASSSMGAPRTHGPSTFDLQMKFVCGQCWRNGQVVEPDKDLKYCSAKARHCWTKERRVLLVMSKAKRKWVSVRPLPSIRNFPQQYDLCIHAQNGRKCQYVGNCSFAHSPEERDMWTFMKENKILDMQQTYDMWLKKHNPGKPGEGTPISSREGEKQIQMPTDYADIMMGYHCWLCGKNSNSKKQWQQHIQSEKHKEKVFTSDSDASGWAFRFPMGEFRLCDRLQKGKACPDGDKCRCAHGQEELNEWLDRREVLKQKLAKARKDMLLCPRDDDFGKYNFLLQEDGDLAGATPEAPAAAATATTGE
P36940,MQQPVNYPCPQIYWVDSSATSPWAPPGSVFSCPSSGPRGPGQRRPPPPPPPPSPLPPPSQPPPLPPLSPLKKKDNIELWLPVIFFMVLVALVGMGLGMYQLFHLQKELAELREFTNHSLRVSSFEKQIANPSTPSETKKPRSVAHLTGNPRSRSIPLEWEDTYGTALISGVKYKKGGLVINEAGLYFVYSKVYFRGQSCNSQPLSHKVYMRNFKYPGDLVLMEEKKLNYCTTGQIWAHSSYLGAVFNLTVADHLYVNISQLSLINFEESKTFFGLYKL
P41350,MSGGKYVDSEGHLYTVPIREQGNIYKPNNKAMADEVNEKQVYDAHTKEIDLVNRDPKHLNDDVVKIDFEDVIAEPEGTHSFDGIWKASFTTFTVTKYWFYRLLSTIFGIPMALIWGIYFAILSFLHIWAVVPCIKSFLIEIQCISRVYSIYVHTFCDPLFEAIGKIFSNIRISTQEEI
Q9Y2R2,MDQREILQKFLDEAQSKKITKEEFANEFLKLKRQSTKYKADKTYPTTVAEKPKNIKKNRYKDILPYDYSRVELSLITSDEDSSYINANFIKGVYGPKAYIATQGPLSTTLLDFWRMIWEYSVLIIVMACMEYEMGKKKCERYWAEPGEMQLEFGPFSVSCEAEKRKSDYIIRTLKVKFNSETRTIYQFHYKNWPDHDVPSSIDPILELIWDVRCYQEDDSVPICIHCSAGCGRTGVICAIDYTWMLLKDGIIPENFSVFSLIREMRTQRPSLVQTQEQYELVYNAVLELFKRQMDVIRDKHSGTESQAKHCIPEKNHTLQADSYSPNLPKSTTKAAKMMNQQRTKMEIKESSSFDFRTSEISAKEELVLHPAKSSTSFDFLELNYSFDKNADTTMKWQTKAFPIVGEPLQKHQSLDLGSLLFEGCSNSKPVNAAGRYFNSKVPITRTKSTPFELIQQRETKEVDSKENFSYLESQPHDSCFVEMQAQKVMHVSSAELNYSLPYDSKHQIRNASNVKHHDSSALGVYSYIPLVENPYFSSWPPSGTSSKMSLDLPEKQDGTVFPSSLLPTSSTSLFSYYNSHDSLSLNSPTNISSLLNQESAVLATAPRIDDEIPPPLPVRTPESFIVVEEAGEFSPNVPKSLSSAVKVKIGTSLEWGGTSEPKKFDDSVILRPSKSVKLRSPKSELHQDRSSPPPPLPERTLESFFLADEDCMQAQSIETYSTSYPDTMENSTSSKQTLKTPGKSFTRSKSLKILRNMKKSICNSCPPNKPAESVQSNNSSSFLNFGFANRFSKPKGPRNPPPTWNI
Q9UL18,MEAGPSGAAAGAYLPPLQQVFQAPRRPGIGTVGKPIKLLANYFEVDIPKIDVYHYEVDIKPDKCPRRVNREVVEYMVQHFKPQIFGDRKPVYDGKKNIYTVTALPIGNERVDFEVTIPGEGKDRIFKVSIKWLAIVSWRMLHEALVSGQIPVPLESVQALDVAMRHLASMRYTPVGRSFFSPPEGYYHPLGGGREVWFGFHQSVRPAMWKMMLNIDVSATAFYKAQPVIEFMCEVLDIRNIDEQPKPLTDSQRVRFTKEIKGLKVEVTHCGQMKRKYRVCNVTRRPASHQTFPLQLESGQTVECTVAQYFKQKYNLQLKYPHLPCLQVGQEQKHTYLPLEVCNIVAGQRCIKKLTDNQTSTMIKATARSAPDRQEEISRLMKNASYNLDPYIQEFGIKVKDDMTEVTGRVLPAPILQYGGRNRAIATPNQGVWDMRGKQFYNGIEIKVWAIACFAPQKQCREEVLKNFTDQLRKISKDAGMPIQGQPCFCKYAQGADSVEPMFRHLKNTYSGLQLIIVILPGKTPVYAEVKRVGDTLLGMATQCVQVKNVVKTSPQTLSNLCLKINVKLGGINNILVPHQRSAVFQQPVIFLGADVTHPPAGDGKKPSITAVVGSMDAHPSRYCATVRVQRPRQEIIEDLSYMVRELLIQFYKSTRFKPTRIIFYRDGVPEGQLPQILHYELLAIRDACIKLEKDYQPGITYIVVQKRHHTRLFCADKNERIGKSGNIPAGTTVDTNITHPFEFDFYLCSHAGIQGTSRPSHYYVLWDDNRFTADELQILTYQLCHTYVRCTRSVSIPAPAYYARLVAFRARYHLVDKEHDSGEGSHISGQSNGRDPQALAKAVQVHQDTLRTMYFA
Q9UKV8,MYSGAGPALAPPAPPPPIQGYAFKPPPRPDFGTSGRTIKLQANFFEMDIPKIDIYHYELDIKPEKCPRRVNREIVEHMVQHFKTQIFGDRKPVFDGRKNLYTAMPLPIGRDKVELEVTLPGEGKDRIFKVSIKWVSCVSLQALHDALSGRLPSVPFETIQALDVVMRHLPSMRYTPVGRSFFTASEGCSNPLGGGREVWFGFHQSVRPSLWKMMLNIDVSATAFYKAQPVIEFVCEVLDFKSIEEQQKPLTDSQRVKFTKEIKGLKVEITHCGQMKRKYRVCNVTRRPASHQTFPLQQESGQTVECTVAQYFKDRHKLVLRYPHLPCLQVGQEQKHTYLPLEVCNIVAGQRCIKKLTDNQTSTMIRATARSAPDRQEEISKLMRSASFNTDPYVREFGIMVKDEMTDVTGRVLQPPSILYGGRNKAIATPVQGVWDMRNKQFHTGIEIKVWAIACFAPQRQCTEVHLKSFTEQLRKISRDAGMPIQGQPCFCKYAQGADSVEPMFRHLKNTYAGLQLVVVILPGKTPVYAEVKRVGDTVLGMATQCVQMKNVQRTTPQTLSNLCLKINVKLGGVNNILLPQGRPPVFQQPVIFLGADVTHPPAGDGKKPSIAAVVGSMDAHPNRYCATVRVQQHRQEIIQDLAAMVRELLIQFYKSTRFKPTRIIFYRDGVSEGQFQQVLHHELLAIREACIKLEKDYQPGITFIVVQKRHHTRLFCTDKNERVGKSGNIPAGTTVDTKITHPTEFDFYLCSHAGIQGTSRPSHYHVLWDDNRFSSDELQILTYQLCHTYVRCTRSVSIPAPAYYAHLVAFRARYHLVDKEHDSAEGSHTSGQSNGRDHQALAKAVQVHQDTLRTMYFA
Q8NDV7,MRELEAKATKDVERNLSRDLVQEEEQLMEEKKKKKDDKKKKEAAQKKATEQKIKVPEQIKPSVSQPQPANSNNGTSTATSTNNNAKRATANNQQPQQQQQQQQPQQQQPQQQPQPQPQQQQPQQQPQALPRYPREVPPRFRHQEHKQLLKRGQHFPVIAANLGSAVKVLNSQSESSALTNQQPQNNGEVQNSKNQSDINHSTSGSHYENSQRGPVSSTSDSSTNCKNAVVSDLSEKEAWPSAPGSDPELASECMDADSASSSESERNITIMASGNTGGEKDGLRNSTGLGSQNKFVVGSSSNNVGHGSSTGPWGFSHGAIISTCQVSVDAPESKSESSNNRMNAWGTVSSSSNGGLNPSTLNSASNHGAWPVLENNGLALKGPVGSGSSGINIQCSTIGQMPNNQSINSKVSGGSTHGTWGSLQETCESEVSGTQKVSFSGQPQNITTEMTGPNNTTNFMTSSLPNSGSVQNNELPSSNTGAWRVSTMNHPQMQAPSGMNGTSLSHLSNGESKSGGSYGTTWGAYGSNYSGDKCSGPNGQANGDTVNATLMQPGVNGPMGTNFQVNTNKGGGVWESGAANSQSTSWGSGNGANSGGSRRGWGTPAQNTGTNLPSVEWNKLPSNQHSNDSANGNGKTFTNGWKSTEEEDQGSATSQTNEQSSVWAKTGGTVESDGSTESTGRLEEKGTGESQSRDRRKIDQHTLLQSIVNRTDLDPRVLSNSGWGQTPIKQNTAWDTETSPRGERKTDNGTEAWGSSATQTFNSGACIDKTSPNGNDTSSVSGWGDPKPALRWGDSKGSNCQGGWEDDSAATGMVKSNQWGNCKEEKAAWNDSQKNKQGWGDGQKSSQGWSVSASDNWGETSRNNHWGEANKKSSSGGSDSDRSVSGWNELGKTSSFTWGNNINPNNSSGWDESSKPTPSQGWGDPPKSNQSLGWGDSSKPVSSPDWNKQQDIVGSWGIPPATGKPPGTGWLGGPIPAPAKEEEPTGWEEPSPESIRRKMEIDDGTSAWGDPSKYNYKNVNMWNKNVPNGNSRSDQQAQVHQLLTPASAISNKEASSGSGWGEPWGEPSTPATTVDNGTSAWGKPIDSGPSWGEPIAAASSTSTWGSSSVGPQALSKSGPKSMQDGWCGDDMPLPGNRPTGWEEEEDVEIGMWNSNSSQELNSSLNWPPYTKKMSSKGLSGKKRRRERGMMKGGNKQEEAWINPFVKQFSNISFSRDSPEENVQSNKMDLSGGMLQDKRMEIDKHSLNIGDYNRTVGKGPGSRPQISKESSMERNPYFDKDGIVADESQNMQFMSSQSMKLPPSNSALPNQALGSIAGLGMQNLNSVRQNGNPSMFGVGNTAAQPRGMQQPPAQPLSSSQPNLRAQVPPPLLSPQVPVSLLKYAPNNGGLNPLFGPQQVAMLNQLSQLNQLSQISQLQRLLAQQQRAQSQRSVPSGNRPQQDQQGRPLSVQQQMMQQSRQLDPNLLVKQQTPPSQQQPLHQPAMKSFLDNVMPHTTPELQKGPSPINAFSNFPIGLNSNLNVNMDMNSIKEPQSRLRKWTTVDSISVNTSLDQNSSKHGAISSGFRLEESPFVPYDFMNSSTSPASPPGSIGDGWPRAKSPNGSSSVNWPPEFRPGEPWKGYPNIDPETDPYVTPGSVINNLSINTVREVDHLRDRNSGSSSSLNTTLPSTSAWSSIRASNYNVPLSSTAQSTSARNSDSKLTWSPGSVTNTSLAHELWKVPLPPKNITAPSRPPPGLTGQKPPLSTWDNSPLRIGGGWGNSDARYTPGSSWGESSSGRITNWLVLKNLTPQIDGSTLRTLCMQHGPLITFHLNLPHGNALVRYSSKEEVVKAQKSLHMCVLGNTTILAEFASEEEISRFFAQSQSLTPSPGWQSLGSSQSRLGSLDCSHSFSSRTDLNHWNGAGLSGTNCGDLHGTSLWGTPHYSTSLWGPPSSSDPRGISSPSPINAFLSVDHLGGGGESM
Q9UHD2,MQSTSNHLWLLSDILGQGATANVFRGRHKKTGDLFAIKVFNNISFLRPVDVQMREFEVLKKLNHKNIVKLFAIEEETTTRHKVLIMEFCPCGSLYTVLEEPSNAYGLPESEFLIVLRDVVGGMNHLRENGIVHRDIKPGNIMRVIGEDGQSVYKLTDFGAARELEDDEQFVSLYGTEEYLHPDMYERAVLRKDHQKKYGATVDLWSIGVTFYHAATGSLPFRPFEGPRRNKEVMYKIITGKPSGAISGVQKAENGPIDWSGDMPVSCSLSRGLQVLLTPVLANILEADQEKCWGFDQFFAETSDILHRMVIHVFSLQQMTAHKIYIHSYNTATIFHELVYKQTKIISSNQELIYEGRRLVLEPGRLAQHFPKTTEENPIFVVSREPLNTIGLIYEKISLPKVHPRYDLDGDASMAKAITGVVCYACRIASTLLLYQELMRKGIRWLIELIKDDYNETVHKKTEVVITLDFCIRNIEKTVKVYEKLMKINLEAAELGEISDIHTKLLRLSSSQGTIETSLQDIDSRLSPGGSLADAWAHQEGTHPKDRNVEKLQVLLNCMTEIYYQFKKDKAERRLAYNEEQIHKFDKQKLYYHATKAMTHFTDECVKKYEAFLNKSEEWIRKMLHLRKQLLSLTNQCFDIEEEVSKYQEYTNELQETLPQKMFTASSGIKHTMTPIYPSSNTLVEMTLGMKKLKEEMEGVVKELAENNHILERFGSLTMDGGLRNVDCL
P35355,MLFRAVLLCAALALSHAANPCCSNPCQNRGECMSIGFDQYKCDCTRTGFYGENCTTPEFLTRIKLLLKPTPNTVHYILTHFKGVWNIVNNIPFLRNSIMRYVLTSRSHLIDSPPTYNVHYGYKSWEAFSNLSYYTRALPPVADDCPTPMGVKGNKELPDSKEVLEKVLLRREFIPDPQGTNMMFAFFAQHFTHQFFKTDQKRGPGFTRGLGHGVDLNHVYGETLDRQHKLRLFQDGKLKYQVIGGEVYPPTVKDTQVDMIYPPHVPEHLRFAVGQEVFGLVPGLMMYATIWLREHNRVCDILKQEHPEWDDERLFQTSRLILIGETIKIVIEDYVQHLSGYHFKLKFDPELLFNQQFQYQNRIASEFNTLYHWHPLLPDTFNIEDQEYTFKQFLYNNSILLEHGLAHFVESFTRQIAGRVAGGRNVPIAVQAVAKASIDQSREMKYQSLNEYRKRFSLKPYTSFEELTGEKEMAAELKALYHDIDAMELYPALLVEKPRPDAIFGETMVELGAPFSLKGLMGNPICSPQYWKPSTFGGEVGFRIINTASIQSLICNNVKGCPFASFNVQDPQPTKTATINASASHSRLDDINPTVLIKRRSTEL
Q90477,MELSDIPFPIPSADDFYDDPCFNTNDMHFFEDLDPRLVHVSLLKPDEHHHIEDEHVRAPSGHHQAGRCLLWACKACKRKTTNADRRKAATMRERRRLSKVNDAFETLKRCTSTNPNQRLPKVEILRNAISYIESLQALLRSQEDNYYPVLEHYSGDSDASSPRSNCSDGMMDFMGPTCQTRRRNSYDSSYFNDTPNADARNNKNSVVSSLDCLSSIVERISTETPACPVLSVPEGHEESPCSPHEGSVLSDTGTTAPSPTSCPQQQAQETIYQVL
Q24206,MDDTQHFCLRWNNYQSSITSAFENLRDDEAFVDVTLACEGRSIKAHRVVLSACSPYFRELLKSTPCKHPVILLQDVNFMDLHALVEFIYHGEVNVHQKSLQSFLKTAEVLRVSGLTQQQAEDTHSHLAQIQNLANSGGRTPLNTHTQSLPHPHHGSLHDDGGSSTLFSRQGAGSPPPTAVPSLPSHINNQLLKRMAMMHRSSAAAAAEETSHAFKRLRGSDNSLPLSGAVGSGSNNNSPDLPPLHARSASPQQTPADFSTIKHHNNNNTPPLKEEKRNGPTGNGNSGNGNGNGNGASNGNGISISDKLGSLTPSPLARAGADDVKSEPMDMVCSNNNANANDEHSNDSTGEHDANRSSSGDGGKGSLSSGNDEEIGDGLASHHAAPQFIMSPAENKMFHAAAFNFPNIDPSALLGLNTQLQQSGDLAVSPQGGSTGSLLSGVIVPGGSGGTPSNSSSNNNNNNSNNQQQKVEQQSSPHQLLQQQHHSTPHTNSPQLKQEQPKSGGGSCKSSDLHIAAGSERSLSRSSQGMPDAGGHSATPSPTAAYHKRERERERERERERERERERSLDHERDLERPGGTGSPPPPPPSHHSHFGQHPLSLLPSHHQLHATHHELSAAAAHHAHAHAHAAHAHALARAGSPMEHHHLLHHRRASLSPSGAVSSASGAGGRGGGAGGPGGPGGSLLSSVRAQDVAQANRLLLPLPLNACHRCDVCGKLLSTKLTLKRHKEQQHLQPLNNAVCNLCHKVFRTLNSLNNHKSIYHRRQKNHHSYFHHGAGVSQAGSPGSRLHQSLSSLSAAAAAANNSVNVGGGSVGGAGGNAVAAAAAAAAAAAELLLSPIVGAAAVAGGTASSTLQLAAAHQQQQQQSSPGIVKPCMDFL
Q9VU02,MKLVRFLMKLSHETVTIELKNGTQIHGTITGVDVAMNTHLKSVRMTIKNRDPVHLETLSIRGNNIRYFILPDSLPLETLLIDDTPKSKTKKKDSGRVGNRGRGRGARGRGGPRGRGRGRASGRR
Q9Y3I0,MSRSYNDELQFLEKINKNCWRIKKGFVPNMQVEGVFYVNDALEKLMFEELRNACRGGGVGGFLPAMKQIGNVAALPGIVHRSIGLPDVHSGYGFAIGNMAAFDMNDPEAVVSPGGVGFDINCGVRLLRTNLDESDVQPVKEQLAQAMFDHIPVGVGSKGVIPMNAKDLEEALEMGVDWSLREGYAWAEDKEHCEEYGRMLQADPNKVSARAKKRGLPQLGTLGAGNHYAEIQVVDEIFNEYAAKKMGIDHKGQVCVMIHSGSRGLGHQVATDALVAMEKAMKRDKIIVNDRQLACARIASPEGQDYLKGMAAAGNYAWVNRSSMTFLTRQAFAKVFNTTPDDLDLHVIYDVSHNIAKVEQHVVDGKERTLLVHRKGSTRAFPPHHPLIAVDYQLTGQPVLIGGTMGTCSYVLTGTEQGMTETFGTTCHGAGRALSRAKSRRNLDFQDVLDKLADMGIAIRVASPKLVMEEAPESYKNVTDVVNTCHDAGISKKAIKLRPIAVIKG
Q8WYQ5,METDESPSPLPCGPAGEAVMESRARPFQALPREQSPPPPLQTSSGAEVMDVGSGGDGQSELPAEDPFNFYGASLLSKGSFSKGRLLIDPNCSGHSPRTARHAPAVRKFSPDLKLLKDVKISVSFTESCRSKDRKVLYTGAERDVRAECGLLLSPVSGDVHACPFGGSVGDGVGIGGESADKKDEENELDQEKRVEYAVLDELEDFTDNLELDEEGAGGFTAKAIVQRDRVDEEALNFPYEDDFDNDVDALLEEGLCAPKKRRTEEKYGGDSDHPSDGETSVQPMMTKIKTVLKSRGRPPTEPLPDGWIMTFHNSGVPVYLHRESRVVTWSRPYFLGTGSIRKHDPPLSSIPCLHYKKMKDNEEREQSSDLTPSGDVSPVKPLSRSAELEFPLDEPDSMGADPGPPDEKDPLGAEAAPGALGQVKAKVEVCKDESVDLEEFRSYLEKRFDFEQVTVKKFRTWAERRQFNREMKRKQAESERPILPANQKLITLSVQDAPTKKEFVINPNGKSEVCILHEYMQRVLKVRPVYNFFECENPSEPFGASVTIDGVTYGSGTASSKKLAKNKAARATLEILIPDFVKQTSEEKPKDSEELEYFNHISIEDSRVYELTSKAGLLSPYQILHECLKRNHGMGDTSIKFEVVPGKNQKSEYVMACGKHTVRGWCKNKRVGKQLASQKILQLLHPHVKNWGSLLRMYGRESSKMVKQETSDKSVIELQQYAKKNKPNLHILSKLQEEMKRLAEEREETRKKPKMSIVASAQPGGEPLCTVDV
Q9NX09,MPSLWDRFSSSSTSSSPSSLPRTPTPDRPPRSAWGSATREEGFDRSTSLESSDCESLDSSNSGFGPEEDTAYLDGVSLPDFELLSDPEDEHLCANLMQLLQESLAQARLGSRRPARLLMPSQLVSQVGKELLRLAYSEPCGLRGALLDVCVEQGKSCHSVGQLALDPSLVPTFQLTLVLRLDSRLWPKIQGLFSSANSPFLPGFSQSLTLSTGFRVIKKKLYSSEQLLIEEC
Q6P6C2,MAAASGYTDLREKLKSMTSRDNYKAGSREAAAAAAAAVAAAAAAAAAAEPYPVSGAKRKYQEDSDPERSDYEEQQLQKEEEARKVKSGIRQMRLFSQDECAKIEARIDEVVSRAEKGLYNEHTVDRAPLRNKYFFGEGYTYGAQLQKRGPGQERLYPPGDVDEIPEWVHQLVIQKLVEHRVIPEGFVNSAVINDYQPGGCIVSHVDPIHIFERPIVSVSFFSDSALCFGCKFQFKPIRVSEPVLSLPVRRGSVTVLSGYAADEITHCIRPQDIKERRAVIILRKTRLDAPRLETKSLSSSVLPPSYASDRLSGNNRDPALKPKRSHRKADPDAAHRPRILEMDKEENRRSVLLPTHRRRGSFSSENYWRKSYESSEDCSEAAGSPARKVKMRRH
Q53F19,MAAVRGLRVSVKAEAPAGPALGLPSPEAESGVDRGEPEPMEVEEGELEIVPVRRSLKELIPDTSRRYENKAGSFITGIDVTSKEAIEKKEQRAKRFHFRSEVNLAQRNVALDRDMMKKAIPKVRLETIYICGVDEMSTQDVFSYFKEYPPAHIEWLDDTSCNVVWLDEMTATRALINMSSLPAQDKIRSRDASEDKSAEKRKKDKQEDSSDDDEAEEGEVEDENSSDVELDTLSQVEEESLLRNDLRPANKLAKGNRLFMRFATKDDKKELGAARRSQYYMKYGNPNYGGMKGILSNSWKRRYHSRRIQRDVIKKRALIGDDVGLTSYKHRHSGLVNVPEEPIEEEEEEEEEEEEEEEEDQDMDADDRVVVEYHEELPALKQPRERSASRRSSASSSDSDEMDYDLELKMISTPSPKKSMKMTMYADEVESQLKNIRNSMRADSVSSSNIKNRIGNKLPPEKFADVRHLLDEKRQHSRPRPPVSSTKSDIRQRLGKRPHSPEKAFSSNPVVRREPSSDVHSRLGVPRQDSKGLYADTREKKSGNLWTRLGSAPKTKEKNTKKVDHRAPGAEEDDSELQRAWGALIKEKEQSRQKKSRLDNLPSLQIEVSRESSSGSEAES
Q91Z31,MDGIVTEVAVGVKRGSDELLSGSVLSSPNSNMSGMVVTANGNDSKKFKGEDKMDGAPSRVLHIRKLPGEVTETEVIALGLPFGKVTNILMLKGKNQAFLELATEEAAITMVNYYSAVTPHLRNQPIYIQYSNHKELKTDNTLNQRAQVVLQAVTAVQTANTPLSGTTVSESAVTPAQSPVLRIIIDNMYYPVTLDVLHQIFSKFGAVLKIITFTKNNQFQALLQYGDPVNAQQAKLALDGQNIYNACCTLRIDFSKLVNLNVKYNNDKSRDYTRPDLPSGDGQPALDPAIAAAFAKETSLLAVPGALSPLAIPNAAAAAAAAAAGRVGMPGVSAGGNTVLLVSNLNEEMVTPQSLFTLFGVYGDVQRVKILYNKKDSALIQMADGNQSQLAMNHLNGQKMYGKIIRVTLSKHQTVQLPREGLDDQGLTKDFGNSPLHRFKKPGSKNFQNIFPPSATLHLSNIPPSVAEEDLRTLFANTGGTVKAFKFFQDHKMALLQMATVEEAIQALIDLHNYNLGENHHLRVSFSKSTI
Q9JKP5,MAVSVTPIRDTKWLTLEVCREFQRGTCSRPDTECKFAHPSKSCQVENGRVIACFDSLKGRCSRENCKYLHPPPHLKTQLEINGRNNLIQQKNMAMLAQQMQLANAMMPGAPLQPVPMFSVAPSLATSASAAFNPYLGPVSPSLVPAEILPTAPMLVTGNPGVPVPAAAAAAAQKLMRTDRLEVCREYQRGNCNRGENDCRFAHPADSTMIDTNDNTVTVCMDYIKGRCSREKCKYFHPPAHLQAKIKAAQYQVNQAAAAQAAATAAAMGIPQAVLPPLPKRPALEKTNGATAVFNTGIFQYQQALANMQLQQHTAFLPPGSILCMTPATSVDTHNICRTSD
Q9GZN2,MSDSDLGEDEGLLSLAGKRKRRGNLPKESVKILRDWLYLHRYNAYPSEQEKLSLSGQTNLSVLQICNWFINARRRLLPDMLRKDGKDPNQFTISRRGGKASDVALPRGSSPSVLAVSVPAPTNVLSLSVCSMPLHSGQGEKPAAPFPRGELESPKPLVTPGSTLTLLTRAEAGSPTGGLFNTPPPTPPEQDKEDFSSFQLLVEVALQRAAEMELQKQQDPSLPLLHTPIPLVSENPQ
Q9D6M3,MADKQISLPAKLINGGIAGLIGVTCVFPIDLAKTRLQNQQNGQRMYASMSDCLIKTIRSEGYFGMYRGAAVNLTLVTPEKAIKLAANDFFRHQLSKDGQKLTLPKEMLAGCGAGTCQVIVTTPMEMLKIQLQDAGRIAAQRKILAAQAQLSAQGGAQPSVEAPAPPRPTATQLTRDLLRNHGIAGLYKGLGATLLRDVPFSIVYFPLFANLNQLGRPSSEEKSPFYVSFLAGCVAGSAAAVAVNPCDVVKTRLQSLERGVNEDTYSGFLDCARKIWRHEGPSAFLKGAYCRALVIAPLFGIAQVVYFLGIAESLLGLLQEPQA
Q9H9Z2,MGSVSNQQFAGGCAKAAEEAPEEAPEDAARAADEPQLLHGAGICKWFNVRMGFGFLSMTARAGVALDPPVDVFVHQSKLHMEGFRSLKEGEAVEFTFKKSAKGLESIRVTGPGGVFCIGSERRPKGKSMQKRRSKGDRCYNCGGLDHHAKECKLPPQPKKCHFCQSISHMVASCPLKAQQGPSAQGKPTYFREEEEEIHSPTLLPEAQN
Q8K3Y3,MGSVSNQQFAGGCAKAAEKAPEEAPPDAARAADEPQLLHGAGICKWFNVRMGFGFLSMTARAGVALDPPVDVFVHQSKLHMEGFRSLKEGEAVEFTFKKSAKGLESIRVTGPGGVFCIGSERRPKGKNMQKRRSKGDRCYNCGGLDHHAKECKLPPQPKKCHFCQSINHMVASCPLKAQQGPSSQGKPAYFREEEEEIHSPALLPEAQN
Q8C181,MALNVAPVRDTKWLTLEVCRQYQRGTCSRSDEECKFAHPPKSCQVENGRVIACFDSLKGRCSRENCKYLHPPTHLKTQLEINGRNNLIQQKTAAAMLAQQMQFMFPGTPLHPVPTFPVGPTIGTNAAISFAPYLAPVTPGVGLVPTEVLPTTPVIVPGSPPVTVPGSTATQKLLRTDKLEVCREFQRGNCARGETDCRFAHPADSTMIDTNDNTVTVCMDYIKGRCMREKCKYFHPPAHLQAKIKAAQHQANQAAVAAQAAAAAATVMTQSTAKALKRPLEATVDLAFPPGALHPLPKRQALEKSNGASTVFNPSVLHYQQALTSAQLQQHTAFIPTVPMMHSATSATVSAATTPATSVPFAATATANQIILK
Q91ZS8,MDIEDEENMSSSSTDIKENRNLDNMPPKDSSTPGPGEGIPLSNGGGGSTSRKRPLEEGSNGHSKYRLKKRRKTPGPVLPKNALMQLNEIKPGLQYMLLSQTGPVHAPLFVMSVEVNGQVFEGSGPTKKKAKLHAAEKALRSFVQFPNASEAHLAMGRTLSVNTDFTSDQADFPDTLFNGFETPDKSEPPFYVGSNGDDSFSSSGDVSLSASPVPASLTQPPLPIPPPFPPPSGKNPVMILNELRPGLKYDFLSESGESHAKSFVMSVVVDGQFFEGSGRNKKLAKARAAQSALATVFNLHLDQTPSRQPVLSEGLQLHLPQVLADAVSRLVLGKFSDLTDNFSSPHARRKVLSGVVMTTGTDVKDAKVISVSTGTKCINGEYMSDRGLALNDCHAEIISRRSLLRFLYAQLELYLNNKEDQKKSIFQKSERGGFRLKDTVQFHLYISTSPCGDARIFSPHEPVLEGMTPDSHQLTEPADRHPNRKARGQLRTKIESGEGTIPVRSNASIQTWDGVLQGERLLTMSCSDKIARWNVVGIQGSLLSIFVEPIYFSSIILGSLYHGDHLSRAMYQRISNIEDLPPLYTLNKPLLSGISNAEARQPGKAPNFSVNWTVGDATIEVINATTGKDELGRPSRLCKHALYCRWMRVHGKVPPHLLRTKITKPTTYHESKLAAREYQAAKARLFTAFIKAGLGAWVEKPTEQDQFSFTP
Q6PDM2,MSGGGVIRGPAGNNDCRIYVGNLPPDIRTKDIEDVFYKYGAIRDIDLKNRRGGPPFAFVEFEDPRDAEDAVYGRDGYDYDGYRLRVEFPRSGRGTGRGGGGGGGGGAPRGRYGPPSRRSENRVVVSGLPPSGSWQDLKDHMREAGDVCYADVYRDGTGVVEFVRKEDMTYAVRKLDNTKFRSHEGETAYIRVKVDGPRSPSYGRSRSRSRSRSRSRSRSNSRSRSYSPRRSRGSPRYSPRHSRSRSRT
Q96DH6,MEANGSQGTSGSANDSQHDPGKMFIGGLSWQTSPDSLRDYFSKFGEIRECMVMRDPTTKRSRGFGFVTFADPASVDKVLGQPHHELDSKTIDPKVAFPRRAQPKMVTRTKKIFVGGLSANTVVEDVKQYFEQFGKVEDAMLMFDKTTNRHRGFGFVTFENEDVVEKVCEIHFHEINNKMVECKKAQPKEVMFPPGTRGRARGLPYTMDAFMLGMGMLGYPNFVATYGRGYPGFAPSYGYQFPGFPAAAYGPVAAAAVAAARGSGSNPARPGGFPGANSPGPVADLYGPASQDSGVGNYISAASPQPGSGFGHGIAGPLIATAFTNGYH
P58681,MVFSMWTRKRQILIFLNMLLVSRVFGFRWFPKTLPCEVKVNIPEAHVIVDCTDKHLTEIPEGIPTNTTNLTLTINHIPSISPDSFRRLNHLEEIDLRCNCVPVLLGSKANVCTKRLQIRPGSFSGLSDLKALYLDGNQLLEIPQDLPSSLHLLSLEANNIFSITKENLTELVNIETLYLGQNCYYRNPCNVSYSIEKDAFLVMRNLKVLSLKDNNVTAVPTTLPPNLLELYLYNNIIKKIQENDFNNLNELQVLDLSGNCPRCYNVPYPCTPCENNSPLQIHDNAFNSLTELKVLRLHSNSLQHVPPTWFKNMRNLQELDLSQNYLAREIEEAKFLHFLPNLVELDFSFNYELQVYHASITLPHSLSSLENLKILRVKGYVFKELKNSSLSVLHKLPRLEVLDLGTNFIKIADLNIFKHFENLKLIDLSVNKISPSEESREVGFCPNAQTSVDRHGPQVLEALHYFRYDEYARSCRFKNKEPPSFLPLNADCHIYGQTLDLSRNNIFFIKPSDFQHLSFLKCLNLSGNTIGQTLNGSELWPLRELRYLDFSNNRLDLLYSTAFEELQSLEVLDLSSNSHYFQAEGITHMLNFTKKLRLLDKLMMNDNDISTSASRTMESDSLRILEFRGNHLDVLWRAGDNRYLDFFKNLFNLEVLDISRNSLNSLPPEVFEGMPPNLKNLSLAKNGLKSFFWDRLQLLKHLEILDLSHNQLTKVPERLANCSKSLTTLILKHNQIRQLTKYFLEDALQLRYLDISSNKIQVIQKTSFPENVLNNLEMLVLHHNRFLCNCDAVWFVWWVNHTDVTIPYLATDVTCVGPGAHKGQSVISLDLYTCELDLTNLILFSVSISSVLFLMVVMTTSHLFFWDMWYIYYFWKAKIKGYQHLQSMESCYDAFIVYDTKNSAVTEWVLQELVAKLEDPREKHFNLCLEERDWLPGQPVLENLSQSIQLSKKTVFVMTQKYAKTESFKMAFYLSHQRLLDEKVDVIILIFLEKPLQKSKFLQLRKRLCRSSVLEWPANPQAHPYFWQCLKNALTTDNHVAYSQMFKETV
P92186,MSTVVSEGRNDGNNRYSPQDEVEDRLPDVVDNRLTENMRVPSFERLPSPTPRYFGSCKWFNVSKGYGFVIDDITGEDLFVHQSNLNMQGFRSLDEGERVSYYIQERSNGKGREAYAVSGEVEGQGLKGSRIHPLGRKKAVSLRCFRCGKFATHKAKSCPNVKTDAKVCYTCGSEEHVSSICPERRRKHRPEQVAAEEAEAARMAAEKSSPTTSDDDIREKNSNSSDE
O16720,MFPLPVHNGPRLGKLSIFEMPGDSLTSSSFMPDGGAETSSSSQLGGSAHGAIGTKPDAGVQFQCPVRPNHGVEGRSILLRANHFAVRIPGGSVQHYQIDVFPDKCPRRVNREVIGCLISSFSKYFTNIRPVYDGKRNMYTREPLPIGTEPMNFEVTLPGDSAVERKFSVTMKWIGQVCLSALDDAMEGRVRQVPHEAVQSIDVILRHLPSLKYTPVGRSFFTPPGVMKPGMQMHQESKLGGGREVWFGFHQSVRPSQWKMMLNIDVSATAFYRAMPVIEFVAEVLELPVQALAERRALSDAQRVKFTKEIRGLKIEITHCGAVRRKYRVCNVTRRPAQTQTFPLQLETGQTIECTVAKYFFDKYRIQLKYPHLPCLQVGQEQKHTYLPPEVCDIVPGQRCLKKLTDVQTSTMIKATARSAPEREREICKLVSKAELSADPFAHEFGITINPAMTEVKGRVLSAPKLLYGGRHRATTALPNQGVWDMRGKQFHTGMEVRTWAIACFAQQSHVKENDLRMFTTQLQRISTDAGMPIIGTPMFCKYASGVEQVEPMFKYLKQTYSAIQLIVVVLPGKTPIYAEVKRVGDTVLGIATQCVQAKNAIRTTPQTLSNLCLKMNVKLGGVNSILLPNVRPRIFNEPVIFLGCDITHPAAGDTRKPSIAAVVGSMDAHPSRYAATVRVQQHRQEIITDLTYMVRELLVQFYRNTRFKPARIVVYRDGVSEGQLFNVLQYELRAIREACVMLESGYQPGITFIAVQKRHHTRLFAADKADQVGKAFNIPPGTTVDVGITHPTEFDFFLCSHAGIQGTSRPSHYHVLWDDNDLTADELQQLTYQMCHTYVRCTRSVSIPAPAYYAHLVAFRARYHLVDRDHGSGEEGSQPSGTSSEDTTLSSMAKAVQVHPDSNNVMYFA
H2KYR1,MSTEYGCQVTNKFGLPSDDDDEYDDPRELIQKVSQIAAKKKEEKSVKPAQPVKPAAAPVAATKTDGAAGRGRGGRGRGRGGAGRPRDGERVSNENGDRPQGENRRGGPRRGGERGAARPAGRGGRGGFTRENREGEEPKQEVSFEDGQDTRAPRRRGGFTLGGGPSGGRGGGRGGRGRQFDRQSGSDRTGVRSFDKKDGHGKGNWGDQKDELAGETENIAPEGAESTEPEVPREKTAEELAYEAELAVLAKQKTLKEFKAAAKADAPKFNTRKAGEGAADTFGKLVPIKKEVIPDREEDEVVVIHKAPRKQVLDISITFRNDRPERERNDRSERPQRGGPRGGGRGGGRGGQRQGGHGGRNNTPFNASDDAFPALGAK
Q19328,MTDAAAATPTVPPPAASSANPAVRRGLVKSVLSGDAVILQGQPHNGPPPEWTVYLSNVTAPRLGRRPTDSASATPDEPYAWDSREYLRQKLVGQFVTFVRDFTATSGRDHGRIYLGGTSPADAENVAEGAVSAGLLEVRQGKVADEYSTKLLELQEQAKSAGRGKWNSNAGTIRDIRWVIDNPRELVDKYAQKPIDAVIEMVRDGSTVRAFLLPNFEYITLQLSGVRAPSTRNPNAADSRAEAFSEEAKFFAESRLLQRDVQIILESTSNQNFVGSIVHPKGNIAESLLREGYAKCVDWSIGLCTGGAQKLRDAERQAKEKRLRLWKSYQPTSSAYSGDRKAFTGKVVEIVLSDAVVVQKDDGSEVKLHLSSIRLPRESGDDKATGGPGRQFRPLYDIPFMFQAREFLRKRLLGKKVQIQIDYVQPKSENFPEKTCATIKIGDQNIAEGLISRGLSKVVRHRADDENRSSEYDTLLAAEANAEKGKKGLFADKTAEKKDTHRIQEITGDLAKAKQFLPYLQRGGRAEGVVEFLSGGSRLRIYIPKETVLITFLLGGINCPKGARVGPGGVSTGAAEPFADEAAAFTRKLVLQHEVQLEVESTDKNGNFVGYLYVSPDGNTSRAINLSEALVENGLASLHFTAERSGHYNALLSAENKAKKAKKNIWANFTEEQHQEEVEVQQADTSERKQNFRQVAVTDIAPGALRFSAQNIEDGPKIEKMTTEMRQALAEHPPLAGSYTTKRGDLCVAKFSQDGQWYRCKVESVRAGQAEIVYIDYGNRETIEAVKLAQIPAGFANFPAGVREYNLALAKLPNEDYVQLTSDAFAQYLFGHSSVFINSEYKVGTSEYVTVYYDSGNKKVDIGKSLIAEGLALADHRREPRLQTLVNDYNTTEEVARKSRKNIWEYGDFTGNDI
Q18225,MVDTMMNTNTDGVTAVPPIFPLPSTTPNRNNNNELAMLAQKQIVAGLLLQQPTIVQAAVNGTNSQKHLADIDYTNVIQTLQALGTTNLKAFSLLLDPQSQTSQLISEDTRPSASSSPSSTATAVSNSGQSNATSTSSSSTEPEYKPRNVREKVYADGYIMSFDKKSCCGTKEFWRCERKNDCNARMHSDINTREIVRKLHPHNHEKPSPEELAFYEQDFSTLHPNYCHPVKSINRSYMQRKLSRASHVSQALPIAPQQIKAEPMEVDTTNQTIQNFQQNNNLMLLASINAAATAAAAATSAGISPPVVGQKRVSTTVMPITLKSQRTTPKEEEDSSQLMSQEEFRITYELTKKLMEMMKPKTEIGVRWQGDEGSILLFLSHDNGAEENVFFPVVVMNRDEKSLITALEGFTGKRCEGKLALCYSQRVNVLVHEALISNWTHGKLFLVNTDAPALWRLTPVDAFGEPLNHV
P34529,MVRVRADLQCFNPRDYQVELLDKATKKNTIVQLGTGSGKTFIAVLLLKEYGVQLFAPLDQGGKRAFFVVEKVNLVEQQAIHIEVHTSFKVGQVHGQTSSGLWDSKEQCDQFMKRHHVVVITAQCLLDLIRHAYLKIEDMCVLIFDECHHALGSQHPYRSIMVDYKLLKKDKPVPRVLGLTASLIKAKVAPEKLMEQLKKLESAMDSVIETASDLVSLSKYGAKPYEVVIICKDFEIGCLGIPNFDTVIEIFDETVAFVNTTTEFHPDLDLDPRRPIKDSLKTTRAVFRQLGPWAAWRTAQVWEKELGKIIKSQVLPDKTLRFLNMAKTSMITIKRLLEPEMKKIKSIEALRPYVPQRVIRLFEILETFNPEFQKERMKLEKAEHLSAIIFVDQRYIAYSLLLMMRHIKSWEPKFKFVNPDYVVGASGRNLASSDSQGLHKRQTEVLRRFHRNEINCLIATSVLEEGVDVKQCNLVIKFDRPLDMRSYVQSKGRARRAGSRYVITVEEKDTAACDSDLKDFQQIEKILLSRHRTVNNPIEDDSDRFEEFDVDSQMEPYVVEKTGATLKMSTAIALINRYCSKLPSDIFTRLVPHNQIIPIEENGVTKYCAELLLPINSPIKHAIVLKNPMPNKKTAQMAVALEACRQLHLEGELDDNLLPKGRESIAKLLEHIDEEPDEYAPGIAAKVGSSKRKQLYDKKIARALNESFVEADKECFIYAFELERFREAELTLNPKRRKFEDPFNYEYCFGFLSAKEIPKIPPFPVFLRQGNMKVRLIVAPKKTTVTAAQLQEIQLFHNYLFTQVLQMCKTGNLEFDGTSNAPLNTLIVPLNKRKDDMSYTINMKYVSEVVANMENMPRIPKDEVRRQYKFNAEDYKDAIVMPWYRNLEQPVFYYVAEILPEWRPSSKFPDTHFETFNEYFIKKYKLEIYDQNQSLLDVDFTSTRLNLLQPRIQNQPRRSRTVSNSSTSNIPQASASDSKESNTSVPHSSQRQILVPELMDIHPISATLWNVIAALPSIFYRVNQLLLTDELRETILVKAFGKEKTKLDDNVEWNSLAYATEYEEKQTIIVKKIQQLRDLNQKSIEDQERETRENDKIDDGEELFNIGVWDPEEAVRIGVEISSRDDRMDGEDQDTVGLTQGLHDGNISDEDDELPFVMHDYTARLTSNRNGIGAWSGSESIVPSGWGDWDGPEPDNSPMPFQILGGPGGLNVQALMADVGRVFDPSTASSSLSQTVQESTVSPPKQLTKEEEQFKKLQNDLLKQAKERLEALEMSEDMEKPRRLEDTVNLEDYGDDQENQEDENTPTNFPKTIDEEIEELSIGARKKQEIDDNAAKTDVLERENCEVLPVAINEKSRSFSFEKESKAINGRLIRQRSEEYVSHIDSDIGLGVSPCLLLTALTTSNAADGMSLERFETIGDSFLKFATTDYLYHTLLDQHEGKLSFARSKEVSNCNLYRLGKKLGIPQLIVANKFDAHDSWLPPCYIPTCDFKAPNTDDAEEKDNEIERILDGQVIEEKPENKTGWDIGGDVSKSTTDGIETITFPKQARVGNDDISPLPYNLLTQQHISDKSIADAVEALIGVHLLTLGPNPTLKVMNWMGLKVIQKDQKSDVPSPLLRFIDTPTNPNASLNFLNNLWQQFQFTQLEEKIGYRFKERAYLVQAFTHASYINNRVTGCYQRLEFLGDAVLDYMITRYLFEDSRQYSPGVLTDLRSALVNNTIFASLAVKFEFQKHFIAMCPGLYHMIEKFVKLCSERNFDTNFNAEMYMVTTEEEIDEGQEEDIEVPKAMGDIFESVAGAIYLDSGRNLDTTWQVIFHMMRGTIELCCANPPRSPIRELMEFEQSKVRFSKMERILESGKVRVTVEVVNNMRFTGMGRNYRIAKATAAKRALKYLHQIEQQRRQSPSLTTV
Q9XWR1,MYSPESMNSNISSPSPPSSSSLNAPSLADAPEVRSDDGEAETSEPSTSVTAVPMEIVSQASTSAPVNQLLASGIDMSSVIKNNAVLQALLASASAGGFGDNAGLTMSKLLTAALANGSTAVAKRDAGSPRTDIPKKTRLKVFSNGFFMTFDKLSSCQKKYFWRCEYKNTCKARMHTDIVTEKILTFIHEHNHSAPIDEEVRLYGLDPTNIERNRVYIVGNVADPNQRRKIRKQVADREAAAKRLVQQQEEEQQKQQSASSIVAARAAYAQAMQNGSIPTSSGVASFLQSTSATAPMTSHSMLLAQMPFLNNIKTEMSNMVKNEQFTPERYTQHMSPNLPLQTATIAPLIIPTENYDSPSYRQPAIKRKATDLTNEEHDLRRDPMFQPTFELARKLRKLWKGEPNRYPRTTTTPTHHFEFFLSKNDGTDEHLYVPMRINLRDEAHLKEALQDFCGQQCIGMLLFGISPKISVMFNQPMLNNWDNNQFFLLDISNPSRWRLMYVDDQAV
G5EGS7,MAQPNQPTPQFQMAQIPLAAFFDNNESKTMLNSMNLRLNDMDLKLSLILELLATRLPDQRLPSIFTSPPQTVISEAPPQSFTPSATNSTSDKTSSSLKTELKTEDSDGDLDMEGEEDTEELFDNESQPSQRNQSPKETEVEDEKVLADGPFPEGAVKRAAEKAARSFQSTQPKVFAWQILRESVTDDELRNVQISLRTFHGETADHLLGRQLPKIRLVVEATMKYFKWDLLSTESQLSKAKLILSHLKNNAKVRNWTLREGRPNRVAPATPPVNVDLVWKRYLALLGPAGFTGILPNLPQNLCNGGTQSPSIPQIDPSLFKVDA
G5EES3,MAAELNNTNTNESSNVASNDPMSGGPQYLPGVMNSTIQQQPQSATSSFLPSGPISSTSTSSQVVPTSGATQQPPFPSAQAAASTALQNDLEEIFNSPPTQPQTFSDVPQRQAGSLAPGVPIGNTSVSIGEPANTLGGGLPGGAPGQLPGGNQSGIQFQCPRRPNHGVEGRSILLRANHFAVRIPGGTIQHYQVDVTPDKCPRRVNREIISCLISAFSKYFTNIRPVYDGKRNMYTREPLPIGRERMDFDVTLPGDSAVERQFSVSLKWVGQVSLSTLEDAMEGRVRQVPFEAVQAMDVILRHLPSLKYTPVGRSFFSPPVPNASGVMAGSCPPQASGAVAGGAHSAGQYHAESKLGGGREVWFGFHQSVRPSQWKMMLNIDVSATAFYRSMPVIEFIAEVLELPVQALAERRALSDAQRVKFTKEIRGLKIEITHCGQMRRKYRVCNVTRRPAQTQTFPLQLETGQTIECTVAKYFYDKYRIQLKYPHLPCLQVGQEQKHTYLPPEVCNIVPGQRCIKKLTDVQTSTMIKATARSAPEREREISNLVRKAEFSADPFAHEFGITINPAMTEVKGRVLSAPKLLYGGRTRATALPNQGVWDMRGKQFHTGIDVRVWAIACFAQQQHVKENDLRMFTNQLQRISNDAGMPIVGNPCFCKYAVGVEQVEPMFKYLKQNYSGIQLVVVVLPGKTPVYAEVKRVGDTVLGIATQCVQAKNAIRTTPQTLSNLCLKMNVKLGGVNSILLPNVRPRIFNEPVIFFGCDITHPPAGDSRKPSIAAVVGSMDAHPSRYAATVRVQQHRQEIISDLTYMVRELLVQFYRNTRFKPARIVVYRDGVSEGQFFNVLQYELRAIREACMMLERGYQPGITFIAVQKRHHTRLFAVDKKDQVGKAYNIPPGTTVDVGITHPTEFDFYLCSHAGIQGTSRPSHYHVLWDDNNLTADELQQLTYQMCHTYVRCTRSVSIPAPAYYAHLVAFRARYHLVDREHDSGEGSQPSGTSEDTTLSNMARAVQVHPDANNVMYFA
Q9H9G7,MEIGSAGPAGAQPLLMVPRRPGYGTMGKPIKLLANCFQVEIPKIDVYLYEVDIKPDKCPRRVNREVVDSMVQHFKVTIFGDRRPVYDGKRSLYTANPLPVATTGVDLDVTLPGEGGKDRPFKVSIKFVSRVSWHLLHEVLTGRTLPEPLELDKPISTNPVHAVDVVLRHLPSMKYTPVGRSFFSAPEGYDHPLGGGREVWFGFHQSVRPAMWKMMLNIDVSATAFYKAQPVIQFMCEVLDIHNIDEQPRPLTDSHRVKFTKEIKGLKVEVTHCGTMRRKYRVCNVTRRPASHQTFPLQLENGQTVERTVAQYFREKYTLQLKYPHLPCLQVGQEQKHTYLPLEVCNIVAGQRCIKKLTDNQTSTMIKATARSAPDRQEEISRLVRSANYETDPFVQEFQFKVRDEMAHVTGRVLPAPMLQYGGRNRTVATPSHGVWDMRGKQFHTGVEIKMWAIACFATQRQCREEILKGFTDQLRKISKDAGMPIQGQPCFCKYAQGADSVEPMFRHLKNTYSGLQLIIVILPGKTPVYAEVKRVGDTLLGMATQCVQVKNVIKTSPQTLSNLCLKINVKLGGINNILVPHQRPSVFQQPVIFLGADVTHPPAGDGKKPSIAAVVGSMDAHPSRYCATVRVQRPRQEIIQDLASMVRELLIQFYKSTRFKPTRIIFYRDGVSEGQFRQVLYYELLAIREACISLEKDYQPGITYIVVQKRHHTRLFCADRTERVGRSGNIPAGTTVDTDITHPYEFDFYLCSHAGIQGTSRPSHYHVLWDDNCFTADELQLLTYQLCHTYVRCTRSVSIPAPAYYAHLVAFRARYHLVDKEHDSAEGSHVSGQSNGRDPQALAKAVQIHQDTLRTMYFA
P84309,MSGSKSVSPPGYAAQTAASPAPRGGPEHRAAWGEADSRANGYPHAPGGSTRGSTKRSGGAVTPQQQQRLASRWRGGDDDEDPPLSGDDPLAGGFGFSFRSKSAWQERGGDDGGRGSRRQRRGAAGGGSTRAPPAGGSGSSAAAAAAAGGTEVRPRSVELGLEERRGKGRAAEELEPGTGIVEDGDGSEDGGSSVASGSGTGAVLSLGACCLALLQIFRSKKFPSDKLERLYQRYFFRLNQSSLTMLMAVLVLVCLVMLAFHAARPPLQIAYLAVLAAAVGVILIMAVLCNRAAFHQDHMGLACYALIAVVLAVQVVGLLLPQPRSASEGIWWTVFFIYTIYTLLPVRMRAAVLSGVLLSALHLAISLHTNSQDQFLLKQLVSNVLIFSCTNIVGVCTHYPAEVSQRQAFQETRECIQARLHSQRENQQQERLLLSVLPRHVAMEMKADINAKQEDMMFHKIYIQKHDNVSILFADIEGFTSLASQCTAQELVMTLNELFARFDKLAAENHCLRIKILGDCYYCVSGLPEARADHAHCCVEMGMDMIEAISLVREVTGVNVNMRVGIHSGRVHCGVLGLRKWQFDVWSNDVTLANHMEAGGKAGRIHITKATLNYLNGDYEVEPGCGGDRNAYLKEHSIETFLILSCTQKRKEEKAMIAKMNRQRTNSIGHNPPHWGAERPFYNHLGGNQVSKEMKRMGFEDPKDKNAQESANPEDEVDEFLGRAIDARSIDRLRSEHVRKFLLTFREPDLEKKYSKQVDDRFGAYVACASLVFLFICFVQITIVPHSLFMLSFYLSCFLLLALVVFVSVIYACVKLFPTPLQTLSRKIVRSKKNSTLVGVFTITLVFLSAFVNMFMCNSKNLVGCLAEEHNITVNQVNACHVMESAFNYSLGDEQGFCGSPQPNCNFPEYFTYSVLLSLLACSVFLQISCIGKLVLMLAIEFIYVLIVEVPGVTLFDNADLLVTANAIDFSNNGTSQCPEHATKVALKVVTPIIISVFVLALYLHAQQVESTARLDFLWKLQATEEKEEMEELQAYNRRLLHNILPKDVAAHFLARERRNDELYYQSCECVAVMFASIANFSEFYVELEANNEGVECLRLLNEIIADFDEIISEDRFRQLEKIKTIGSTYMAASGLNDSTYDKAGKTHIKAIADFAMKLMDQMKYINEHSFNNFQMKIGLNIGPVVAGVIGARKPQYDIWGNTVNVASRMDSTGVPDRIQVTTDMYQVLAANTYQLECRGVVKVKGKGEMMTYFLNGGPPLS
Q921F2,MSEYIRVTEDENDEPIEIPSEDDGTVLLSTVTAQFPGACGLRYRNPVSQCMRGVRLVEGILHAPDAGWGNLVYVVNYPKDNKRKMDETDASSAVKVKRAVQKTSDLIVLGLPWKTTEQDLKDYFSTFGEVLMVQVKKDLKTGHSKGFGFVRFTEYETQVKVMSQRHMIDGRWCDCKLPNSKQSPDEPLRSRKVFVGRCTEDMTAEELQQFFCQYGEVVDVFIPKPFRAFAFVTFADDKVAQSLCGEDLIIKGISVHISNAEPKHNSNRQLERSGRFGGNPGGFGNQGGFGNSRGGGAGLGNNQGGNMGGGMNFGAFSINPAMMAAAQAALQSSWGMMGMLASQQNQSGPSGNNQSQGSMQREPNQAFGSGNNSYSGSNSGAPLGWGSASNAGSGSGFNGGFGSSMDSKSSGWGM
P56959,MASNDYTQQATQSYGAYPTQPGQGYSQQSSQPYGQQSYSGYGQSADTSGYGQSSYGSSYGQTQNTGYGTQSAPQGYGSTGGYGSSQSSQSSYGQQSSYPGYGQQPAPSSTSGSYGGSSQSSSYGQPQSGGYGQQSGYGGQQQSYGQQQSSYNPPQGYGQQNQYNSSSGGGGGGGGGNYGQDQSSMSGGGGGGGYGNQDQSGGGGGGYGGGQQDRGGRGRGGGGGYNRSSGGYEPRGRGGGRGGRGGMGGSDRGGFNKFGGPRDQGSRHDSEQDNSDNNTIFVQGLGENVTIESVADYFKQIGIIKTNKKTGQPMINLYTDRETGKLKGEATVSFDDPPSAKAAIDWFDGKEFSGNPIKVSFATRRADFNRGGGNGRGGRGRGGPMGRGGYGGGGSGGGGRGGFPSGGGGGGGQQRAGDWKCPNPTCENMNFSWRNECNQCKAPKPDGPGGGPGGSHMGGNYGDDRRGRGGYDRGGYRGRGGDRGGFRGGRGGGDRGGFGPGKMDSRGEHRQDRRERPY
Q8CJG0,MYSGAGPVLASPAPTTSPIPGYAFKPPPRPDFGTTGRTIKLQANFFEMDIPKIDIYHYELDIKPEKCPRRVNREIVEHMVQHFKTQIFGDRKPVFDGRKNLYTAMPLPIGRDKVELEVTLPGEGKDRIFKVSIKWVSCVSLQALHDALSGRLPSVPFETIQALDVVMRHLPSMRYTPVGRSFFTASEGCSNPLGGGREVWFGFHQSVRPSLWKMMLNIDVSATAFYKAQPVIEFVCEVLDFKSIEEQQKPLTDSQRVKFTKEIKGLKVEITHCGQMKRKYRVCNVTRRPASHQTFPLQQESGQTVECTVAQYFKDRHKLVLRYPHLPCLQVGQEQKHTYLPLEVCNIVAGQRCIKKLTDNQTSTMIRATARSAPDRQEEISKLMRSASFNTDPYVREFGIMVKDEMTDVTGRVLQPPSILYGGRNKAIATPVQGVWDMRNKQFHTGIEIKVWAIACFAPQRQCTEVHLKSFTEQLRKISRDAGMPIQGQPCFCKYAQGADSVEPMFRHLKNTYAGLQLVVVILPGKTPVYAEVKRVGDTVLGMATQCVQMKNVQRTTPQTLSNLCLKINVKLGGVNNILLPQGRPPVFQQPVIFLGADVTHPPAGDGKKPSIAAVVGSMDAHPNRYCATVRVQQHRQEIIQDLAAMVRELLIQFYKSTRFKPTRIIFYRDGVSEGQFQQVLHHELLAIREACIKLEKDYQPGITFIVVQKRHHTRLFCTDKNERVGKSGNIPAGTTVDTKITHPTEFDFYLCSHAGIQGTSRPSHYHVLWDDNRFSSDELQILTYQLCHTYVRCTRSVSIPAPAYYAHLVAFRARYHLVDKEHDSAEGSHTSGQSNGRDHQALAKAVQVHQDTLRTMYFA
M0R9V8,MDPFLVLLHSLSSSLSGNDLTDLKFLCRERVSKRKLERVQSGLDLFSVLLEQNDLERGHTGLLRELLASLGRHDLLQRLDDFEAGATTAATPGEADLRVAFDIVCDNVGRDWKRLARELKVSEAKIDGIEERYPRSLSDRVRETLRVWKNVEKENASVAGLVKALRACRLNLVADLVEEALMAQGSVSKSDDTSSALRDSTVSFSETP
Q5SWW4,MSSSFVSNGASLEDCHCNLFCLADLTGIKWKRYVWQGPTSAPILFPVTEEDPILSSFSRCLKADVLGVWRRDQRPGRRELWIFWWGKDPNFADLIHHDLSEEEDGVWENGLSYECRTLLFKAVHNLLERCLMNRNFVRIGKWFVKPYEKDEKPINKSEHLSCSFTFFLHGDSNVCTSVEINQHQPVYLLSEEHVTLAQQSNSPFQVILSPFGLNGTLTGQAFKMSDSATKKLIGEWKQFYPISCGLKEMSEEKQDDMDWEDDSLAAVEVLVAGVRMIYPACFVLVPQSDIPAPSSVGASHCSASCLGIHQVPASTRDPAMSSVTLTPPTSPEEVQTVDPQSAQKWVKFSSVSDGFSTDSTSHHGGKIPRKLANHVVDRVWQECNMNRLQNKRKYSATSSGLCEEETADKIGCWDFVEATQRTSCSCLRHKSLKTRNTGQQGQAPSLGQQQQVLPKHKTNEKQDKSEKPQKRPLTPFHHRVSVSDEIGMDTDSASQRLVISAADSQVRFSNIRTNDVAKTPQMHGTELANSPQPPPLSPHPCDVVDEGVTKTPSTPQSQHFYQMPTPDPLVPTKPMEDRIDSLSQSFPPPFQEAVEPTVYVGTAVSLEEDEANVAWKYYKVPKKKDVEFLPPQLPNDKFKDDPVGPFGQESVTSVTELMVQCKKPLKVSDEIVQQYQIKNQYLSAIASDTEQEPKIDPYAFVEGDEEFIFTDKKDRQNSEREAGKKHKVEDGTSAVTVLSHEEDAMSLFSPSKQDAPRPTNHARPPSTSLIYDSDLAVSYTDLDNLFNSDEDELTPGSKKSASGSDDKASSKESKTGNLDPLSCISTADLHKMYPTPPSLEQHIMGFSPMNMNNKEYGSVDTAPGGTVLEGNSSSVGTQFRIEVEEGFCSPKPSEIKDFSYVYKPENCQVLVGCSMFAPLKTLPSHCLPPIKLPEECVYRQSWTVGKLDLLPSGPSMPFIKEGDGSNLDQDYGPAYTPQTHASFGMPPSSAPPSNGGAGILPSPSTPRFPTPRTPRTPRTPRGAGGPASAQGSVKYENSDLYSPASTPSTCRPLNSVEPATVPSIPEAHSLYVNLILSESVMNLFKDCNFDSCCICVCNMNIKGADVGVYIPDPTQEAQYRCTCGFSAVMNRKFGNNSGLFLEDELDIIGRNTDCGKEAEKRFEALRASSVENVNGGLKESEKVPDELILLLQDQCTNLFSPFGAADQDPFPKVGISSNWVRVEERDCCSDCCLALEHGRQFMDNMSGGKVDEALVRSSCLHPWAKQNDASVQCSQDILRMLLSLQPVLQDAIQKKRTVRPWGVQGPLTWQQFHKMAGRGSYGTDESPEPLPIPTFLLGYDYDFLVLSPFALPYWEKLMLEPYGSQRDIAYVVLCPENEALLNGARSFFRDLTAIYESCRLGQHRPISRLLTDGIMKVGATASKKLSEKFVTEWFSQAADGNNEAFSKLKLYAQVCRYDLGPYLASQPLDSSLLSQPNLVAPPNQSLVTAPQMTNTGNANAPSATLASAASSTMTMTSGVPISTSVATANSTLTTTSSSSSSSLSSGVSSNKLPSFPPFGSMNTSGTGSMSAQASTVQSGQLGGQQSSSLQAAGISGESASLPTQPHPDVSESTMDRDKVGIPTDGDSHAITYPPAIVVYIIDPFTYENKDESTNSSNVWTLGLLRCFLEMVQTLPPHIKSTVSVQIVPCQYLLQPVKHDDRQIYSQHLKSLAFSVFTQCRRPLPTSTNVKTLTGFGPGLAMETALKSPDRPECIRLYTPPFILAPVKDKQTELGETFGEAGQKYNVLFVGYCLSHDQRWILASCTDLYGELLETCIINIDVPNRARRKKGSARRFGLQKLWEWCLGLVQMSSLPWRVVIGRLGRIGHGELKDWSCLLSRRNLQSLSKRLKDMCRMCGISAADSPSILSACLVAMEPQGSFVIMPDSVSTGSVFGRSTTLNMQTPQLNTPQDTSCTHILVFPTSASVQVASATYTTENLDLAFNPNNDGADGMGIFDLLDTGDDLDPDIINILPASPTASPVHSPGSHYPHGGDAGKGQGTDRLLSTESHDEVTNILQQPLALGYFVSTAKAGPLPDWFWSACPQAQYQCPLFLKASLHLHVPSVQSDELLHSKHSHPLDSNQTSDVLRFVLEQYNALSWLTCDPAVQDRRSCLPVHFVVLNQLYNFIMNML
Q8IYX4,MQSKRDCELWCERVNPENKAALEAWVRETGIRLVQVNGQRKYGGPPPGWVGSPPPAGSEVFIGRLPQDVYEHQLIPLFQRVGRLYEFRLMMTFSGLNRGFAYARYSSRRGAQAAIATLHNHPLRPSCPLLVCRSTEKCELSVDGLPPNLTRSALLLALQPLGPGLQEARLLPSPGPAPGQIALLKFSSHRAAAMAKKALVEGQSHLCGEQVAVEWLKPDLKQRLRQQLVGPFLRSPQPEGSQLALARDKLGFQGARATLQLLCQRMKLGSPVFLTKCLGIGPAGWHRFWYQVVIPGHPVPFSGLIWVVLTLDGRDGHEVAKDAVSVRLLQALSESGANLLWSAGAEAGTMVKQ
Q45KJ6,MAEGGASKGEEPEKLPGLAEDEPQVLHGTGHCKWFNVRMGFGFISMISREGNPLDIPVDVFVHQSKLFMEGFRSLKEGEPVEFTFKKSPKGLESIRVTGPGGSPCLGSERRPKGKTLQKRKPKGDRCYNCGGLDHHAKECSLPPQPKKCHYCQSIMHMVANCPHKLAAQLPASSQGRQEAESQPCSSAAPREVGGGHGCTVLFPQEVKSEMAEHSDRSPQEVSSTKAFAAIGEQNKKGPLIQKRKKT
Q6ZN17,MAEGGASKGGGEEPGKLPEPAEEESQVLRGTGHCKWFNVRMGFGFISMINREGSPLDIPVDVFVHQSKLFMEGFRSLKEGEPVEFTFKKSSKGLESIRVTGPGGSPCLGSERRPKGKTLQKRKPKGDRCYNCGGLDHHAKECSLPPQPKKCHYCQSIMHMVANCPHKNVAQPPASSQGRQEAESQPCTSTLPREVGGGHGCTSPPFPQEARAEISERSGRSPQEASSTKSSIAPEEQSKKGPSVQKRKKT
Q45KJ4,MAEAGASKGGEEPGRLPEHEEEEESPLWHGAGHCKWFNVRMGFGFISMSSREGSPLESPVDVFVHQSKLYMEGFRSLKEGEPVEFTYKKSSKGLESIRVTGPGGSPCLGSERRPKGKTVQKRKPKGDRCYNCGGLDHHAKECSLPPQPKKCHYCQSIMHMVANCPHKTVSQQPTSSQGRHEAEPQPSTSAFLREGGGTYGYSSPSYSQEGRSEISERSGRSPQEASSSKLSASPEEPSRKGPSVQKRKKT
Q5EB47,MGSVSNQEITGGLPKSLDETADIHKSDESLIFQGSGVCKWFNVRMGFGFLTMTKKEGTDLETPVDVFVHQSKLHMEGFRSLKEGESVEFTFKKSSKGLESTRVTGPGGAPCIGSERRPKVKGQQKRRQKGDRCYNCGGLDHHAKECKLPPQPKKCHFCQSPNHMVAQCPAKASQAANLEEQPISEEQELIPETME
O04425,MNGPPDRVDFKPMGPHHGGSFRPMGFAYDDGFRPMGPNGGVGGEGTRSIVGARYNYPAKYPPSESPDRRRFIGKAMESDYSVRPTTPPVQQPLSGQKRGYPISDHGSFTGTDVSDRSSTVKLFVGSVPRTATEEEIRPYFEQHGNVLEVALIKDKRTGQQQGCCFVKYATSKDADRAIRALHNQITLPGGTGPVQVRYADGERERIGTLEFKLFVGSLNKQATEKEVEEIFLQFGHVEDVYLMRDEYRQSRGCGFVKYSSKETAMAAIDGLNGTYTMRGCNQPLIVRFAEPKRPKPGESREMAPPVGLGSGPRFQASGPRPTSNFGDSSGDVSHTNPWRPATSRNVGPPSNTGIRGAGSDFSPKPGQATLPSNQGGPLGGYGVPPLNPLPVPGVSSSATLQQQNRAAGQHITPLKKPLHSPQGLPLPLRPQTNFPGAQAPLQNPYAYSSQLPTSQLPPQQNISRATAPQTPLNINLRPTTVSSATVQFPPRSQQQPLQKMQHPPSELAQLLSQQTQSLQATFQSSQQAISQLQQQVQSMQQPNQNLPLSQNGRAGKQQWAGSAIPRVASTTGSTPVSYVQTAAPAVSQSVGSVKCTWTEHTSPDGFKYYYNGLTGESKWEKPEEMIVFEREQQKQQQHQEKPTIQQSQTQLQPLQQQPQQVQQQYQGQQLQQPFYSSLYPTPGASHNTQYPSLPVGQNSQFPMSGIGQNAQDYARTHIPVGAASMNDISRTQQSRQSPQELMWKNKA
Q93ZL5,MADPAIKLFGKTIPLPELGVVDSSSSYTGFLTETQIPVRLSDSCTGDDDDEEMGDSGLGREEGDDVGDGGGESETDKKEEKDSECQEESLRNESNDVTTTTSGITEKTETTKAAKTNEESGGTACSQEGKLKKPDKILPCPRCNSMETKFCYYNNYNVNQPRHFCKKCQRYWTAGGTMRNVPVGAGRRKNKSPASHYNRHVSITSAEAMQKVARTDLQHPNGANLLTFGSDSVLCESMASGLNLVEKSLLKTQTVLQEPNEGLKITVPLNQTNEEAGTVSPLPKVPCFPGPPPTWPYAWNGVSWTILPFYPPPAYWSCPGVSPGAWNSFTWMPQPNSPSGSNPNSPTLGKHSRDENAAEPGTAFDETESLGREKSKPERCLWVPKTLRIDDPEEAAKSSIWETLGIKKDENADTFGAFRSSTKEKSSLSEGRLPGRRPELQANPAALSRSANFHESS
Q9SP32,MVMEDEPREATIKPSYWLDACEDISCDLIDDLVSEFDPSSVAVNESTDENGVINDFFGGIDHILDSIKNGGGLPNNGVSDTNSQINEVTVTPQVIAKETVKENGLQKNGGKRDEFSKEEGDKDRKRARVCSYQSERSNLSGRGHVNNSREGDRFMNRKRTRNWDEAGNNKKKRECNNYRRDGRDREVRGYWERDKVGSNELVYRSGTWEADHERDVKKVSGGNRECDVKAEENKSKPEERKEKVVEEQARRYQLDVLEQAKAKNTIAFLETGAGKTLIAILLIKSVHKDLMSQNRKMLSVFLVPKVPLVYQQAEVIRNQTCFQVGHYCGEMGQDFWDSRRWQREFESKQVLVMTAQILLNILRHSIIRMETIDLLILDECHHAVKKHPYSLVMSEFYHTTPKDKRPAIFGMTASPVNLKGVSSQVDCAIKIRNLETKLDSTVCTIKDRKELEKHVPMPSEIVVEYDKAATMWSLHETIKQMIAAVEEAAQASSRKSKWQFMGARDAGAKDELRQVYGVSERTESDGAANLIHKLRAINYTLAELGQWCAYKVGQSFLSALQSDERVNFQVDVKFQESYLSEVVSLLQCELLEGAAAEKVAAEVGKPENGNAHDEMEEGELPDDPVVSGGEHVDEVIGAAVADGKVTPKVQSLIKLLLKYQHTADFRAIVFVERVVAALVLPKVFAELPSLSFIRCASMIGHNNSQEMKSSQMQDTISKFRDGHVTLLVATSVAEEGLDIRQCNVVMRFDLAKTVLAYIQSRGRARKPGSDYILMVERGNVSHAAFLRNARNSEETLRKEAIERTDLSHLKDTSRLISIDAVPGTVYKVEATGAMVSLNSAVGLVHFYCSQLPGDRYAILRPEFSMEKHEKPGGHTEYSCRLQLPCNAPFEILEGPVCSSMRLAQQAVCLAACKKLHEMGAFTDMLLPDKGSGQDAEKADQDDEGEPVPGTARHREFYPEGVADVLKGEWVSSGKEVCESSKLFHLYMYNVRCVDFGSSKDPFLSEVSEFAILFGNELDAEVLSMSMDLYVARAMITKASLAFKGSLDITENQLSSLKKFHVRLMSIVLDVDVEPSTTPWDPAKAYLFVPVTDNTSMEPIKGINWELVEKITKTTAWDNPLQRARPDVYLGTNERTLGGDRREYGFGKLRHNIVFGQKSHPTYGIRGAVASFDVVRASGLLPVRDAFEKEVEEDLSKGKLMMADGCMVAEDLIGKIVTAAHSGKRFYVDSICYDMSAETSFPRKEGYLGPLEYNTYADYYKQKYGVDLNCKQQPLIKGRGVSYCKNLLSPRFEQSGESETVLDKTYYVFLPPELCVVHPLSGSLIRGAQRLPSIMRRVESMLLAVQLKNLISYPIPTSKILEALTAASCQETFCYERAELLGDAYLKWVVSRFLFLKYPQKHEGQLTRMRQQMVSNMVLYQFALVKGLQSYIQADRFAPSRWSAPGVPPVFDEDTKDGGSSFFDEEQKPVSEENSDVFEDGEMEDGELEGDLSSYRVLSSKTLADVVEALIGVYYVEGGKIAANHLMKWIGIHVEDDPDEVDGTLKNVNVPESVLKSIDFVGLERALKYEFKEKGLLVEAITHASRPSSGVSCYQRLEFVGDAVLDHLITRHLFFTYTSLPPGRLTDLRAAAVNNENFARVAVKHKLHLYLRHGSSALEKQIREFVKEVQTESSKPGFNSFGLGDCKAPKVLGDIVESIAGAIFLDSGKDTTAAWKVFQPLLQPMVTPETLPMHPVRELQERCQQQAEGLEYKASRSGNTATVEVFIDGVQVGVAQNPQKKMAQKLAARNALAALKEKEIAESKEKHINNGNAGEDQGENENGNKKNGHQPFTRQTLNDICLRKNWPMPSYRCVKEGGPAHAKRFTFGVRVNTSDRGWTDECIGEPMPSVKKAKDSAAVLLLELLNKTFS
P0C741,MERDLERGPPGPPRPPLGPPLSSSIGLALLLLLLALLFWLYIVLSNWTGGALLVLYSFALMLIIIILIIFIFRRDLLCPLGGLGLLLLMVTLLLIALWNLHGQALYLGIVLFIFGCLLVLGLWIYFLEILWRLGATIWQLLAFILAFFLAIILLIIALYLQQNWWTLLVDLLWLLLFMAILIWMYFHGPRHTDEHHHDDSLPHPQQATDDSSHESDSNSNEGRHHLLVSGAGDGPPLCSQNLGAPGGGPDNGPQDPDNTDDNGPQDPDNTDDNGNTDDNGPQDPDNTDDNGPHDPLPHNPSDSAGNDGGPPNLTEEVENKGGDRGPPSMTDGGGGDPHLPTLLLGTSGSGGDDDDPHGPVQLSYYD
